[
    {
        "id": "C1", 
        "img": "images/cameras/canon_eos_rebel_t3i.png", 
        "specs": {
            "Aperture": "n/a", 
            "Aperture (35mm equiv.)": "n/a", 
            "Aperture priority": "Yes", 
            "Auto focus": "Yes", 
            "Batteries": "Li-Ion", 
            "Brand": "Canon", 
            "Built-in flash": "Yes", 
            "Crop factor": "1.61", 
            "Digital zoom": "Yes", 
            "Dimensions": "133.1 x 99.5 x 79.7 mm", 
            "Exposure Compensation": "-5EV - +5EV with 1/3 or 1/2 step", 
            "External flash": "Yes", 
            "Flash modes": "Anti red-eye, Auto, Fill in, Off, Slow flash", 
            "Focal length (35mm equiv.)": "n/a", 
            "ISO": "Auto, 100, 200, 400, 800, 1600, 3200, 6400, (12800 with boost)", 
            "LCD display": "Yes", 
            "LCD resolution": "1,040,000", 
            "LCD size": "3\"", 
            "Macro focus range": "n/a", 
            "Manual focus": "Yes", 
            "Max. resolution": "5184 x 3456", 
            "Max. shutter speed": "1/4000 sec", 
            "Megapixels": "18.00", 
            "Metering": "Multi, Center-weighted, Spot, Partial", 
            "Min. resolution": "480 x 480", 
            "Min. shutter speed": "30 sec", 
            "Model": "EOS Rebel T3i / 600D", 
            "Normal focus range": "n/a", 
            "Optical zoom": "n/a", 
            "Selftimer": "Yes", 
            "Sensor resolution": "5196 x 3464", 
            "Sensor size": "22.3 x 14.9 mm", 
            "Sensor type": "CMOS", 
            "Shutter priority": "Yes", 
            "Storage types": "SDHC, SDXC, Secure Digital", 
            "USB": "USB 2.0 Hi-Speed", 
            "Viewfinder": "Optical", 
            "Weight": "570 g", 
            "White balance presets": "6", 
            "Year": "2011"
        }, 
        "url": "http://www.digicamdb.com/specs/canon_eos-rebel-t3i/"
    }, 
    {
        "id": "C2", 
        "img": "images/cameras/canon_eos_rebel_t2i.png", 
        "specs": {
            "Aperture": "n/a", 
            "Aperture (35mm equiv.)": "n/a", 
            "Aperture priority": "Yes", 
            "Auto focus": "Yes", 
            "Batteries": "Li-Ion", 
            "Brand": "Canon", 
            "Built-in flash": "Yes", 
            "Crop factor": "1.61", 
            "Digital zoom": "No", 
            "Dimensions": "128.8 x 97.5 x 75.3 mm", 
            "Exposure Compensation": "-5EV - +5EV with 1/3 or 1/2 step", 
            "External flash": "Yes", 
            "Flash modes": "Auto, On, Off, Red-eye", 
            "Focal length (35mm equiv.)": "n/a", 
            "ISO": "Auto, 100, 200, 400, 800, 1600, 3200, 6400, 12800 (with boost)", 
            "LCD display": "Yes", 
            "LCD resolution": "1,040,000", 
            "LCD size": "3\"", 
            "Macro focus range": "n/a", 
            "Manual focus": "Yes", 
            "Max. resolution": "5184 x 3456", 
            "Max. shutter speed": "1/4000 sec", 
            "Megapixels": "18.00", 
            "Metering": "63-zone Evaluative, Centre weighted, Evaluative, Spot", 
            "Min. resolution": "2592 x 1728", 
            "Min. shutter speed": "30 sec", 
            "Model": "EOS Rebel T2i / 550D", 
            "Normal focus range": "n/a", 
            "Optical zoom": "n/a", 
            "Selftimer": "Yes", 
            "Sensor resolution": "5196 x 3464", 
            "Sensor size": "22.3 x 14.9 mm", 
            "Sensor type": "CMOS", 
            "Shutter priority": "Yes", 
            "Storage types": "SDHC, SDXC, Secure Digital", 
            "USB": "USB 2.0 Hi-Speed", 
            "Viewfinder": "Optical", 
            "Weight": "530 g", 
            "White balance presets": "6", 
            "Year": "2010"
        }, 
        "url": "http://www.digicamdb.com/specs/canon_eos-rebel-t2i/"
    }, 
    {
        "id": "C3", 
        "img": "images/cameras/canon_eos_60d.png", 
        "specs": {
            "Aperture": "n/a", 
            "Aperture (35mm equiv.)": "n/a", 
            "Aperture priority": "Yes", 
            "Auto focus": "Yes", 
            "Batteries": "Lithium-Ion LP-E6 rechargeable battery & charger", 
            "Brand": "Canon", 
            "Built-in flash": "Yes", 
            "Crop factor": "1.61", 
            "Digital zoom": "No", 
            "Dimensions": "145 x 106 x 79 mm", 
            "Exposure Compensation": "-5EV - +5EV with 1/3 or 1/2 step", 
            "External flash": "Yes", 
            "Flash modes": "Auto, On, Off, Red-eye", 
            "Focal length (35mm equiv.)": "n/a", 
            "ISO": "Auto, 100, 200, 400, 800, 1600, 3200, 6400, (12800 with boost)", 
            "LCD display": "Yes", 
            "LCD resolution": "1,040,000", 
            "LCD size": "3\"", 
            "Macro focus range": "n/a", 
            "Manual focus": "Yes", 
            "Max. resolution": "5184 x 3456", 
            "Max. shutter speed": "1/8000 sec", 
            "Megapixels": "18.00", 
            "Metering": "Centre weighted, Evaluative, Spot", 
            "Min. resolution": "480 x 480", 
            "Min. shutter speed": "30 sec", 
            "Model": "EOS 60D", 
            "Normal focus range": "n/a", 
            "Optical zoom": "n/a", 
            "Selftimer": "Yes", 
            "Sensor resolution": "5196 x 3464", 
            "Sensor size": "22.3 x 14.9 mm", 
            "Sensor type": "CMOS", 
            "Shutter priority": "Yes", 
            "Storage types": "SDHC, SDXC, Secure Digital", 
            "USB": "USB 2.0 (480 Mbit/sec)", 
            "Viewfinder": "Optical (pentaprism)", 
            "Weight": "755 g", 
            "White balance presets": "6", 
            "Year": "2010"
        }, 
        "url": "http://www.digicamdb.com/specs/canon_eos-60d/"
    }, 
    {
        "id": "C4", 
        "img": "images/cameras/canon_eos_rebel_4ti.png", 
        "specs": {
            "Aperture": "n/a", 
            "Aperture (35mm equiv.)": "n/a", 
            "Aperture priority": "Yes", 
            "Auto focus": "Yes", 
            "Batteries": "Lithium-Ion LP-E8 rechargeable battery & charger", 
            "Brand": "Canon", 
            "Built-in flash": "Yes", 
            "Crop factor": "1.61", 
            "Digital zoom": "No", 
            "Dimensions": "133 x 100 x 79 mm", 
            "Exposure Compensation": "\u00b15 EV (at 1/3 EV, 1/2 EV steps)", 
            "External flash": "Yes", 
            "Flash modes": "Auto, On, Off, Red-eye", 
            "Focal length (35mm equiv.)": "n/a", 
            "ISO": "Auto, 100, 200, 400, 800, 1600, 3200, 6400, 12800 (25600 with boost)", 
            "LCD display": "Yes", 
            "LCD resolution": "1,040,000", 
            "LCD size": "3\"", 
            "Macro focus range": "n/a", 
            "Manual focus": "Yes", 
            "Max. resolution": "5184 x 3456", 
            "Max. shutter speed": "1/4000 sec", 
            "Megapixels": "18.00", 
            "Metering": "Multi, Center-weighted, Spot, Partial", 
            "Min. resolution": "480 x 480", 
            "Min. shutter speed": "30 sec", 
            "Model": "EOS Rebel T4i / 650D", 
            "Normal focus range": "n/a", 
            "Optical zoom": "n/a", 
            "Selftimer": "Yes", 
            "Sensor resolution": "5196 x 3464", 
            "Sensor size": "22.3 x 14.9 mm", 
            "Sensor type": "CMOS", 
            "Shutter priority": "Yes", 
            "Storage types": "SD/SDHC/SDXC", 
            "USB": "USB 2.0 (480 Mbit/sec)", 
            "Viewfinder": "Optical (pentamirror)", 
            "Weight": "575 g", 
            "White balance presets": "6", 
            "Year": "2012"
        }, 
        "url": "http://www.digicamdb.com/specs/canon_eos-rebel-t4i/"
    }, 
    {
        "id": "C5", 
        "img": "images/cameras/canon_350D.png", 
        "specs": {
            "Aperture": "n/a", 
            "Aperture (35mm equiv.)": "n/a", 
            "Aperture priority": "Yes", 
            "Auto focus": "Yes", 
            "Batteries": "Lithium-Ion NB-3L battery & charger", 
            "Brand": "Canon", 
            "Built-in flash": "Yes", 
            "Crop factor": "1.62", 
            "Digital zoom": "No", 
            "Dimensions": "126.5x94.2x64 mm", 
            "Exposure Compensation": "-2EV - +2EV with 1/3EV steps", 
            "External flash": "Yes", 
            "Flash modes": "Anti red-eye, Auto, Fill in, Off, Rear curtin, Slow flash", 
            "Focal length (35mm equiv.)": "n/a", 
            "ISO": "Auto, 100, 200, 400, 800, 1600", 
            "LCD display": "Yes", 
            "LCD resolution": "115,000", 
            "LCD size": "1.8\"", 
            "Macro focus range": "n/a", 
            "Manual focus": "Yes", 
            "Max. resolution": "3456 x 2304", 
            "Max. shutter speed": "1/4000 sec", 
            "Megapixels": "8.00", 
            "Metering": "Centre weighted, Evaluative, Multi-pattern", 
            "Min. resolution": "1728 x 1152", 
            "Min. shutter speed": "Bulb+30 sec", 
            "Model": "EOS 350D", 
            "Normal focus range": "n/a", 
            "Optical zoom": "n/a", 
            "Selftimer": "Yes", 
            "Sensor resolution": "3464 x 2309", 
            "Sensor size": "22.2 x 14.8 mm", 
            "Sensor type": "CMOS", 
            "Shutter priority": "Yes", 
            "Storage types": "CompactFlash type I, CompactFlash type II, Microdrive", 
            "USB": "USB 2.0 (480 Mbit/sec)", 
            "Viewfinder": "Optical (pentamirror)", 
            "Weight": "540 g", 
            "White balance presets": "6", 
            "Year": "2005"
        }, 
        "url": "http://www.digicamdb.com/specs/canon_eos-350d/"
    }, 
    {
        "id": "C6", 
        "img": "images/cameras/nikon_d5100.png", 
        "specs": {
            "Aperture": "n/a", 
            "Aperture (35mm equiv.)": "n/a", 
            "Aperture priority": "Yes", 
            "Auto focus": "Yes", 
            "Batteries": "Lithium-IonEN-EL14 rechargeable battery & charger", 
            "Brand": "Nikon", 
            "Built-in flash": "Yes", 
            "Crop factor": "1.53", 
            "Digital zoom": "No", 
            "Dimensions": "128 x 97 x 79 mm", 
            "Exposure Compensation": "-5EV - +5EV with 1/2 or 1/3EV st", 
            "External flash": "Yes", 
            "Flash modes": "Anti red-eye, Auto, Fill in, Off, Rear curtin, Slow flash", 
            "Focal length (35mm equiv.)": "n/a", 
            "ISO": "Auto, 100- 6400 (plus 12800, 25600 with boost)", 
            "LCD display": "Yes", 
            "LCD resolution": "921,000", 
            "LCD size": "3", 
            "Macro focus range": "n/a", 
            "Manual focus": "Yes", 
            "Max. resolution": "4928 x 3264", 
            "Max. shutter speed": "1/4000 sec", 
            "Megapixels": "16.20", 
            "Metering": "Centre weighted, Matrix, Spot", 
            "Min. resolution": "640 x 480", 
            "Min. shutter speed": "30 sec", 
            "Model": "D5100", 
            "Normal focus range": "n/a", 
            "Optical zoom": "n/a", 
            "Selftimer": "Yes", 
            "Sensor resolution": "4945 x 3275", 
            "Sensor size": "23.6 x 15.6 mm", 
            "Sensor type": "CMOS", 
            "Shutter priority": "Yes", 
            "Storage types": "SDHC, SDXC, Secure Digital", 
            "USB": "USB 2.0 (480 Mbit/sec)", 
            "Viewfinder": "Optical (pentamirror)", 
            "Weight": "560 g", 
            "White balance presets": "12", 
            "Year": "2011"
        }, 
        "url": "http://www.digicamdb.com/specs/nikon_d5100/"
    }, 
    {
        "id": "C7", 
        "img": "images/cameras/canon_eos_7d.png", 
        "specs": {
            "Aperture": "n/a", 
            "Aperture (35mm equiv.)": "n/a", 
            "Aperture priority": "Yes", 
            "Auto focus": "Yes", 
            "Batteries": "Lithium-Ion LP-E6 rechargeable battery & charger", 
            "Brand": "Canon", 
            "Built-in flash": "Yes", 
            "Crop factor": "1.61", 
            "Digital zoom": "No", 
            "Dimensions": "148.2 x 110 x 73.5 mm", 
            "Exposure Compensation": "-5EV - +5EV with 1/3 or 1/2 step", 
            "External flash": "Yes", 
            "Flash modes": "Auto, On, Off, Red-eye", 
            "Focal length (35mm equiv.)": "n/a", 
            "ISO": "Auto, 100, 200, 400, 800, 1600, 3200, 6400, (12800 with boost)", 
            "LCD display": "Yes", 
            "LCD resolution": "920,000", 
            "LCD size": "3\"", 
            "Macro focus range": "n/a", 
            "Manual focus": "Yes", 
            "Max. resolution": "5184 x 3456", 
            "Max. shutter speed": "1/8000 sec", 
            "Megapixels": "18.00", 
            "Metering": "Centre weighted, Evaluative, Spot, Spot-AF", 
            "Min. resolution": "2592 x 1728", 
            "Min. shutter speed": "30 sec", 
            "Model": "EOS 7D", 
            "Normal focus range": "n/a", 
            "Optical zoom": "n/a", 
            "Selftimer": "Yes", 
            "Sensor resolution": "5196 x 3464", 
            "Sensor size": "22.3 x 14.9 mm", 
            "Sensor type": "CMOS", 
            "Shutter priority": "Yes", 
            "Storage types": "CompactFlash type I, CompactFlash type II, Microdrive", 
            "USB": "USB 2.0 (480 Mbit/sec)", 
            "Viewfinder": "Optical (pentaprism)", 
            "Weight": "860 g", 
            "White balance presets": "6", 
            "Year": "2009"
        }, 
        "url": "http://www.digicamdb.com/specs/canon_eos-7d/"
    }, 
    {
        "id": "C8", 
        "img": "images/cameras/canon_powershot_s95.png", 
        "specs": {
            "Aperture": "f2.0 - f4.9", 
            "Aperture (35mm equiv.)": "f9.2 - f22.5", 
            "Aperture priority": "Yes", 
            "Auto focus": "Yes", 
            "Batteries": "Lithium-Ion NB-6L rechargeable battery & charger", 
            "Brand": "Canon", 
            "Built-in flash": "Yes", 
            "Crop factor": "4.6", 
            "Digital zoom": "Yes", 
            "Dimensions": "100x58x30 mm", 
            "Exposure Compensation": "-2EV - +2EV with 1/3EV steps", 
            "External flash": "No", 
            "Flash modes": "Anti red-eye, Auto, Fill in, Off, Slow flash", 
            "Focal length (35mm equiv.)": "28 - 105 mm", 
            "ISO": "Auto, 80 - 3200", 
            "LCD display": "Yes", 
            "LCD resolution": "461,000", 
            "LCD size": "3\"", 
            "Macro focus range": "5 cm", 
            "Manual focus": "Yes", 
            "Max. resolution": "3648 x 2736", 
            "Max. shutter speed": "1/1600 sec", 
            "Megapixels": "10.00", 
            "Metering": "Centre weighted, Evaluative, Spot", 
            "Min. resolution": "480 x 384", 
            "Min. shutter speed": "15 sec", 
            "Model": "PowerShot S95", 
            "Normal focus range": "40 cm", 
            "Optical zoom": "3.8x", 
            "Selftimer": "Yes", 
            "Sensor resolution": "3661 x 2732", 
            "Sensor size": "1/1.7\" (~ 7.53 x 5.64 mm)", 
            "Sensor type": "CCD", 
            "Shutter priority": "Yes", 
            "Storage types": "SDHC, SDXC, Secure Digital", 
            "USB": "USB 2.0 (480 Mbit/sec)", 
            "Viewfinder": "None", 
            "Weight": "193g", 
            "White balance presets": "8", 
            "Year": "2010"
        }, 
        "url": "http://www.digicamdb.com/specs/canon_powershot-s95/"
    }, 
    {
        "id": "C9", 
        "img": "images/cameras/canon_powershot_sx260_hs.png", 
        "specs": {
            "Aperture": "f3.5 - f6.8", 
            "Aperture (35mm equiv.)": "f19.7 - f38.2", 
            "Aperture priority": "Yes", 
            "Auto focus": "Yes", 
            "Batteries": "Lithium-Ion NB-6L rechargeable battery & charger", 
            "Brand": "Canon", 
            "Built-in flash": "Yes", 
            "Crop factor": "5.62", 
            "Digital zoom": "Yes", 
            "Dimensions": "105.5x61.0x32.7 mm", 
            "Exposure Compensation": "-2EV - +2EV with 1/3EV steps", 
            "External flash": "No", 
            "Flash modes": "Anti red-eye, Auto, Fill in, Off, Slow flash", 
            "Focal length (35mm equiv.)": "25 - 500 mm", 
            "ISO": "Auto, 100, 200, 400, 800, 1600, 3200", 
            "LCD display": "Yes", 
            "LCD resolution": "461,000", 
            "LCD size": "3\"", 
            "Macro focus range": "5 cm", 
            "Manual focus": "No", 
            "Max. resolution": "4000 x 3000", 
            "Max. shutter speed": "1/3200 sec", 
            "Megapixels": "12.10", 
            "Metering": "Centre weighted, Evaluative, Spot", 
            "Min. resolution": "480 x 480", 
            "Min. shutter speed": "15 sec", 
            "Model": "PowerShot SX260 HS", 
            "Normal focus range": "45 cm", 
            "Optical zoom": "20x", 
            "Selftimer": "Yes", 
            "Sensor resolution": "4011 x 3016", 
            "Sensor size": "1/2.3\" (~ 6.16 x 4.62 mm)", 
            "Sensor type": "CMOS", 
            "Shutter priority": "Yes", 
            "Storage types": "SDHC, SDXC, Secure Digital", 
            "USB": "USB 2.0 (480 Mbit/sec)", 
            "Viewfinder": "None", 
            "Weight": "231g", 
            "White balance presets": "7", 
            "Year": "2012"
        }, 
        "url": "http://www.digicamdb.com/specs/canon_powershot-sx260-hs/"
    }, 
    {
        "id": "C10", 
        "img": "images/cameras/canon_sd880.png", 
        "specs": {
            "Aperture": "f2.8 - f5.8", 
            "Aperture (35mm equiv.)": "f15.7 - f32.6", 
            "Aperture priority": "No", 
            "Auto focus": "Yes", 
            "Batteries": "Lithium-Ion NB-5L battery & charger", 
            "Brand": "Canon", 
            "Built-in flash": "Yes", 
            "Crop factor": "5.62", 
            "Digital zoom": "Yes", 
            "Dimensions": "94x57x24 mm", 
            "Exposure Compensation": "&#177;2 EV (at 1/3 EV steps)", 
            "External flash": "No", 
            "Flash modes": "Auto, On, Off, Slow, Manual (Red Eye On/Off)", 
            "Focal length (35mm equiv.)": "28 - 112 mm", 
            "ISO": "Auto, 80 ,100, 200, 400, 800, 1600", 
            "LCD display": "Yes", 
            "LCD resolution": "230,000", 
            "LCD size": "3\"", 
            "Macro focus range": "2 cm", 
            "Manual focus": "No", 
            "Max. resolution": "3648 x 2736", 
            "Max. shutter speed": "1/1600 sec", 
            "Megapixels": "10.00", 
            "Metering": "Multi, Center-weighted, Spot", 
            "Min. resolution": "3648 x 2048", 
            "Min. shutter speed": "15 sec", 
            "Model": "PowerShot SD880 IS", 
            "Normal focus range": "50 cm", 
            "Optical zoom": "4x", 
            "Selftimer": "Yes", 
            "Sensor resolution": "3647 x 2742", 
            "Sensor size": "1/2.3\" (~ 6.16 x 4.62 mm)", 
            "Sensor type": "CCD", 
            "Shutter priority": "No", 
            "Storage types": "SD/SDHC/MMC card", 
            "USB": "USB 2.0 (480 Mbit/sec)", 
            "Viewfinder": "None", 
            "Weight": "195g", 
            "White balance presets": "5", 
            "Year": "2008"
        }, 
        "url": "http://www.digicamdb.com/specs/canon_powershot-sd880-is/"
    }, 
    {
        "id": "C11", 
        "img": "images/cameras/canon_powershot_a2300.png", 
        "specs": {
            "Aperture": "f2.8 - f6.9", 
            "Aperture (35mm equiv.)": "f15.7 - f38.8", 
            "Aperture priority": "No", 
            "Auto focus": "Yes", 
            "Batteries": "Lithium-Ion NB-11L rechargeable battery & charger", 
            "Brand": "Canon", 
            "Built-in flash": "Yes", 
            "Crop factor": "5.62", 
            "Digital zoom": "Yes", 
            "Dimensions": "94.4x54.2x20.1 mm", 
            "Exposure Compensation": "-2EV - +2EV with 1/3EV steps", 
            "External flash": "No", 
            "Flash modes": "Anti red-eye, Auto, Fill in, Off, Slow flash", 
            "Focal length (35mm equiv.)": "28 - 140 mm", 
            "ISO": "Auto, 100, 200, 400, 800, 1600", 
            "LCD display": "Yes", 
            "LCD resolution": "230,000", 
            "LCD size": "2.7\"", 
            "Macro focus range": "3 cm", 
            "Manual focus": "No", 
            "Max. resolution": "4608 x 3456", 
            "Max. shutter speed": "1/2000 sec", 
            "Megapixels": "16.00", 
            "Metering": "Centre weighted, Evaluative, Spot", 
            "Min. resolution": "320 x 240", 
            "Min. shutter speed": "15 sec", 
            "Model": "PowerShot A2300", 
            "Normal focus range": "40 cm", 
            "Optical zoom": "5x", 
            "Selftimer": "Yes", 
            "Sensor resolution": "4612 x 3468", 
            "Sensor size": "1/2.3\" (~ 6.16 x 4.62 mm)", 
            "Sensor type": "CCD", 
            "Shutter priority": "No", 
            "Storage types": "SDHC, SDXC, Secure Digital", 
            "USB": "USB 2.0 (480 Mbit/sec)", 
            "Viewfinder": "None", 
            "Weight": "125g", 
            "White balance presets": "7", 
            "Year": "2012"
        }, 
        "url": "http://www.digicamdb.com/specs/canon_powershot-a2300/"
    }, 
    {
        "id": "C12", 
        "img": "images/cameras/canon_elph115.png", 
        "specs": {
            "Aperture": "f3.2 - f6.9", 
            "Aperture (35mm equiv.)": "f18 - f38.8", 
            "Aperture priority": "No", 
            "Auto focus": "Yes", 
            "Batteries": "Rechargeable Lithium-ion Battery NB-11L", 
            "Brand": "Canon", 
            "Built-in flash": "Yes", 
            "Crop factor": "5.62", 
            "Digital zoom": "Yes", 
            "Dimensions": "92.9 x 52.4 x 21.6 mm", 
            "Exposure Compensation": "\u00b12 EV (at 1/3 EV steps)", 
            "External flash": "No", 
            "Flash modes": "Auto, On, Slow Synchro, Off", 
            "Focal length (35mm equiv.)": "28 - 224 mm", 
            "ISO": "Auto 100, 200, 400, 800, 1600", 
            "LCD display": "Yes", 
            "LCD resolution": "230,000", 
            "LCD size": "2.7\"", 
            "Macro focus range": "1 cm", 
            "Manual focus": "No", 
            "Max. resolution": "4608 x 3456", 
            "Max. shutter speed": "1/2000 sec", 
            "Megapixels": "16.00", 
            "Metering": "Multi, Center-weighted, Spot", 
            "Min. resolution": "640 x 480", 
            "Min. shutter speed": "15 sec", 
            "Model": "PowerShot ELPH 115 IS", 
            "Normal focus range": "n/a", 
            "Optical zoom": "8x", 
            "Selftimer": "Yes", 
            "Sensor resolution": "4612 x 3468", 
            "Sensor size": "1/2.3\" (~ 6.16 x 4.62 mm)", 
            "Sensor type": "CCD", 
            "Shutter priority": "No", 
            "Storage types": "SD/SDHC/SDXC", 
            "USB": "USB 2.0 (480 Mbit/sec)", 
            "Viewfinder": "None", 
            "Weight": "133 g", 
            "White balance presets": "6", 
            "Year": "2013"
        }, 
        "url": "http://www.digicamdb.com/specs/canon_powershot-elph-115-is/"
    }, 
    {
        "id": "C13", 
        "img": "images/cameras/canon_powershot_a570is.png", 
        "specs": {
            "Aperture": "f2.6 - f5.5", 
            "Aperture (35mm equiv.)": "f15.7 - f33.1", 
            "Aperture priority": "Yes", 
            "Auto focus": "Yes", 
            "Batteries": "AA (2) batteries (NiMH recommended)", 
            "Brand": "Canon", 
            "Built-in flash": "Yes", 
            "Crop factor": "6.02", 
            "Digital zoom": "Yes", 
            "Dimensions": "90x64x43 mm", 
            "Exposure Compensation": "&#177;2 EV (at 1/3 EV steps)", 
            "External flash": "No", 
            "Flash modes": "Auto, On, Off, Manual (Red Eye, Slow Sync)", 
            "Focal length (35mm equiv.)": "35 - 140 mm", 
            "ISO": "Auto, 80 ,100, 200, 400, 800, 1600", 
            "LCD display": "Yes", 
            "LCD resolution": "115,000", 
            "LCD size": "2.5\"", 
            "Macro focus range": "5 cm", 
            "Manual focus": "Yes", 
            "Max. resolution": "3072 x 2304", 
            "Max. shutter speed": "1/2000 sec", 
            "Megapixels": "7.10", 
            "Metering": "Multi, Center-weighted, Spot", 
            "Min. resolution": "640 x 480", 
            "Min. shutter speed": "15 sec", 
            "Model": "PowerShot A570 IS", 
            "Normal focus range": "45 cm", 
            "Optical zoom": "4x", 
            "Selftimer": "Yes", 
            "Sensor resolution": "3072 x 2310", 
            "Sensor size": "1/2.5\" (~ 5.75 x 4.32 mm)", 
            "Sensor type": "CCD", 
            "Shutter priority": "Yes", 
            "Storage types": "SD/SDHC card", 
            "USB": "USB 2.0 (480 Mbit/sec)", 
            "Viewfinder": "Optical (tunnel)", 
            "Weight": "215g", 
            "White balance presets": "5", 
            "Year": "2007"
        }, 
        "url": "http://www.digicamdb.com/specs/canon_powershot-a570-is/"
    }, 
    {
        "id": "C14", 
        "img": "images/cameras/canon_powershot_a4000_is.png", 
        "specs": {
            "Aperture": "f3.0 - f5.9", 
            "Aperture (35mm equiv.)": "f16.9 - f33.2", 
            "Aperture priority": "No", 
            "Auto focus": "Yes", 
            "Batteries": "Lithium-Ion NB-11L rechargeable battery & charger", 
            "Brand": "Canon", 
            "Built-in flash": "Yes", 
            "Crop factor": "5.62", 
            "Digital zoom": "Yes", 
            "Dimensions": "95.3x56.3x24.3 mm", 
            "Exposure Compensation": "-2EV - +2EV with 1/3EV steps", 
            "External flash": "No", 
            "Flash modes": "Anti red-eye, Auto, Fill in, Off, Slow flash", 
            "Focal length (35mm equiv.)": "28 - 224 mm", 
            "ISO": "Auto, 100, 200, 400, 800, 1600", 
            "LCD display": "Yes", 
            "LCD resolution": "230,000", 
            "LCD size": "3\"", 
            "Macro focus range": "1 cm", 
            "Manual focus": "No", 
            "Max. resolution": "4608 x 3456", 
            "Max. shutter speed": "1/2000 sec", 
            "Megapixels": "16.00", 
            "Metering": "Centre weighted, Evaluative, Spot", 
            "Min. resolution": "320 x 240", 
            "Min. shutter speed": "15 sec", 
            "Model": "PowerShot A4000 IS", 
            "Normal focus range": "40 cm", 
            "Optical zoom": "8x", 
            "Selftimer": "Yes", 
            "Sensor resolution": "4612 x 3468", 
            "Sensor size": "1/2.3\" (~ 6.16 x 4.62 mm)", 
            "Sensor type": "CCD", 
            "Shutter priority": "No", 
            "Storage types": "SDHC, SDXC, Secure Digital", 
            "USB": "USB 2.0 (480 Mbit/sec)", 
            "Viewfinder": "None", 
            "Weight": "145g", 
            "White balance presets": "6", 
            "Year": "2012"
        }, 
        "url": "http://www.digicamdb.com/specs/canon_powershot-a4000-is/"
    }, 
    {
        "id": "C15", 
        "img": "images/cameras/canon_d10.png", 
        "specs": {
            "Aperture": "f2.8 - f4.9", 
            "Aperture (35mm equiv.)": "f15.7 - f27.5", 
            "Aperture priority": "No", 
            "Auto focus": "Yes", 
            "Batteries": "Lithium-Ion NB-6L battery & charger", 
            "Brand": "Canon", 
            "Built-in flash": "Yes", 
            "Crop factor": "5.62", 
            "Digital zoom": "Yes", 
            "Dimensions": "103.6x66.9x48.8 mm", 
            "Exposure Compensation": "-2EV - +2EV with 1/3EV steps", 
            "External flash": "No", 
            "Flash modes": "Anti red-eye, Auto, Fill in, Off, Slow flash", 
            "Focal length (35mm equiv.)": "35 - 105 mm", 
            "ISO": "Auto, 80, 100, 200, 400, 800, 1600", 
            "LCD display": "Yes", 
            "LCD resolution": "230,000", 
            "LCD size": "2,5\"", 
            "Macro focus range": "3 cm", 
            "Manual focus": "No", 
            "Max. resolution": "4000 x 3000", 
            "Max. shutter speed": "1/1500 sec", 
            "Megapixels": "12.10", 
            "Metering": "Centre weighted, Evaluative, Spot", 
            "Min. resolution": "640 x 480", 
            "Min. shutter speed": "15 sec", 
            "Model": "PowerShot D10", 
            "Normal focus range": "46 cm", 
            "Optical zoom": "3x", 
            "Selftimer": "Yes", 
            "Sensor resolution": "4011 x 3016", 
            "Sensor size": "1/2.3\" (~ 6.16 x 4.62 mm)", 
            "Sensor type": "CCD", 
            "Shutter priority": "No", 
            "Storage types": "SDHC, Secure Digital", 
            "USB": "USB 2.0 (480 Mbit/sec)", 
            "Viewfinder": "None", 
            "Weight": "190g", 
            "White balance presets": "6", 
            "Year": "2009"
        }, 
        "url": "http://www.digicamdb.com/specs/canon_powershot-d10/"
    }, 
    {
        "id": "C16", 
        "img": "images/cameras/canon_powershot_sd1400is.png", 
        "specs": {
            "Aperture": "f2.8 - f5.9", 
            "Aperture (35mm equiv.)": "f15.7 - f33.2", 
            "Aperture priority": "No", 
            "Auto focus": "Yes", 
            "Batteries": "Lithium-Ion NB-4L battery & charger", 
            "Brand": "Canon", 
            "Built-in flash": "Yes", 
            "Crop factor": "5.62", 
            "Digital zoom": "Yes", 
            "Dimensions": "92.2x56.1x17.8 mm", 
            "Exposure Compensation": "-2EV - +2EV with 1/3EV steps", 
            "External flash": "No", 
            "Flash modes": "Anti red-eye, Auto, Fill in, Off, Slow flash", 
            "Focal length (35mm equiv.)": "28 - 112 mm", 
            "ISO": "Auto, 80, 100, 200, 400, 800, 1600", 
            "LCD display": "Yes", 
            "LCD resolution": "230,000", 
            "LCD size": "2.7\"", 
            "Macro focus range": "3 cm", 
            "Manual focus": "No", 
            "Max. resolution": "4320 x 3240", 
            "Max. shutter speed": "1/1500 sec", 
            "Megapixels": "14.10", 
            "Metering": "Centre weighted, Evaluative, Spot", 
            "Min. resolution": "640 x 480", 
            "Min. shutter speed": "15 sec", 
            "Model": "PowerShot SD1400 IS", 
            "Normal focus range": "50 cm", 
            "Optical zoom": "4x", 
            "Selftimer": "Yes", 
            "Sensor resolution": "4330 x 3256", 
            "Sensor size": "1/2.3\" (~ 6.16 x 4.62 mm)", 
            "Sensor type": "CCD", 
            "Shutter priority": "No", 
            "Storage types": "SDHC, SDXC, Secure Digital", 
            "USB": "USB 2.0 (480 Mbit/sec)", 
            "Viewfinder": "None", 
            "Weight": "133g", 
            "White balance presets": "5", 
            "Year": "2010"
        }, 
        "url": "http://www.digicamdb.com/specs/canon_powershot-sd1400-is/"
    }, 
    {
        "id": "C17", 
        "img": "images/cameras/canon_powershot_sd1300is.png", 
        "specs": {
            "Aperture": "f2.8 - f5.9", 
            "Aperture (35mm equiv.)": "f15.7 - f33.2", 
            "Aperture priority": "No", 
            "Auto focus": "Yes", 
            "Batteries": "Lithium-Ion NB-6L battery & charger", 
            "Brand": "Canon", 
            "Built-in flash": "Yes", 
            "Crop factor": "5.62", 
            "Digital zoom": "Yes", 
            "Dimensions": "90.5x55.8x21.2 mm", 
            "Exposure Compensation": "-2EV - +2EV with 1/3EV steps", 
            "External flash": "No", 
            "Flash modes": "Anti red-eye, Auto, Fill in, Off, Slow flash", 
            "Focal length (35mm equiv.)": "28 - 112 mm", 
            "ISO": "Auto, 80, 100, 200, 400, 800, 1600", 
            "LCD display": "Yes", 
            "LCD resolution": "230,000", 
            "LCD size": "2.7\"", 
            "Macro focus range": "3 cm", 
            "Manual focus": "No", 
            "Max. resolution": "4000 x 3000", 
            "Max. shutter speed": "1/1500 sec", 
            "Megapixels": "12.10", 
            "Metering": "Centre weighted, Evaluative, Spot", 
            "Min. resolution": "320 x 140", 
            "Min. shutter speed": "15 sec", 
            "Model": "PowerShot SD1300 IS", 
            "Normal focus range": "50 cm", 
            "Optical zoom": "4x", 
            "Selftimer": "Yes", 
            "Sensor resolution": "4011 x 3016", 
            "Sensor size": "1/2.3\" (~ 6.16 x 4.62 mm)", 
            "Sensor type": "CCD", 
            "Shutter priority": "No", 
            "Storage types": "SDHC, SDXC, Secure Digital", 
            "USB": "USB 2.0 (480 Mbit/sec)", 
            "Viewfinder": "None", 
            "Weight": "140g", 
            "White balance presets": "5", 
            "Year": "2010"
        }, 
        "url": "http://www.digicamdb.com/specs/canon_powershot-sd1300-is/"
    }, 
    {
        "id": "C18", 
        "img": "images/cameras/canon_powershot_a1100is.png", 
        "specs": {
            "Aperture": "f2.7 - f5.6", 
            "Aperture (35mm equiv.)": "f15.2 - f31.5", 
            "Aperture priority": "No", 
            "Auto focus": "Yes", 
            "Batteries": "2 x AA Alkaline or NiMH Batteries (Alkalines supplied)", 
            "Brand": "Canon", 
            "Built-in flash": "Yes", 
            "Crop factor": "5.62", 
            "Digital zoom": "Yes", 
            "Dimensions": "95.4x62.4x31.0 mm", 
            "Exposure Compensation": "-2EV - +2EV with 1/3EV steps", 
            "External flash": "No", 
            "Flash modes": "Anti red-eye, Auto, Fill in, Off, Slow flash", 
            "Focal length (35mm equiv.)": "35 - 140 mm", 
            "ISO": "Auto, 80, 100, 200, 400, 800, 1600", 
            "LCD display": "Yes", 
            "LCD resolution": "115,000", 
            "LCD size": "2.5\"", 
            "Macro focus range": "3 cm", 
            "Manual focus": "No", 
            "Max. resolution": "4000 x 3000", 
            "Max. shutter speed": "1/1600 sec", 
            "Megapixels": "12.10", 
            "Metering": "Centre weighted, Evaluative, Spot", 
            "Min. resolution": "640 x 480", 
            "Min. shutter speed": "15 sec", 
            "Model": "Powershot A1100 IS", 
            "Normal focus range": "46 cm", 
            "Optical zoom": "4x", 
            "Selftimer": "Yes", 
            "Sensor resolution": "4011 x 3016", 
            "Sensor size": "1/2.3\" (~ 6.16 x 4.62 mm)", 
            "Sensor type": "CCD", 
            "Shutter priority": "No", 
            "Storage types": "SDHC, Secure Digital", 
            "USB": "USB 2.0 (480 Mbit/sec)", 
            "Viewfinder": "Optical (tunnel)", 
            "Weight": "155g", 
            "White balance presets": "5", 
            "Year": "2009"
        }, 
        "url": "http://www.digicamdb.com/specs/canon_powershot-a1100-is/"
    }, 
    {
        "id": "C19", 
        "img": "images/cameras/canon_eos_30d.png", 
        "specs": {
            "Aperture": "n/a", 
            "Aperture (35mm equiv.)": "n/a", 
            "Aperture priority": "Yes", 
            "Auto focus": "Yes", 
            "Batteries": "AA (4) batteries (NiMH recommended)", 
            "Brand": "Canon", 
            "Built-in flash": "Yes", 
            "Crop factor": "1.6", 
            "Digital zoom": "No", 
            "Dimensions": "144 x 106 x 74 mm", 
            "Exposure Compensation": "-2EV - +2EV in 1/3 - 1/2 steps", 
            "External flash": "Yes", 
            "Flash modes": "Anti red-eye, Auto, Fill in, Off, Slow flash", 
            "Focal length (35mm equiv.)": "n/a", 
            "ISO": "100, 200, 400, 800, 1600, 3200 (H)", 
            "LCD display": "Yes", 
            "LCD resolution": "230,000", 
            "LCD size": "2.5\"", 
            "Macro focus range": "n/a", 
            "Manual focus": "Yes", 
            "Max. resolution": "3504 x 2336", 
            "Max. shutter speed": "1/8000 sec", 
            "Megapixels": "8.19", 
            "Metering": "Centre weighted, Multi-segment, Spot", 
            "Min. resolution": "1728 x 1152", 
            "Min. shutter speed": "30 sec", 
            "Model": "EOS 30D", 
            "Normal focus range": "n/a", 
            "Optical zoom": "n/a", 
            "Selftimer": "Yes", 
            "Sensor resolution": "3506 x 2337", 
            "Sensor size": "22.5 x 15 mm", 
            "Sensor type": "CMOS", 
            "Shutter priority": "Yes", 
            "Storage types": "CompactFlash type I, CompactFlash type II, Microdrive", 
            "USB": "USB 2.0 (480 Mbit/sec)", 
            "Viewfinder": "Optical (pentaprism)", 
            "Weight": "784 g", 
            "White balance presets": "6", 
            "Year": "2006"
        }, 
        "url": "http://www.digicamdb.com/specs/canon_eos-30d/"
    }, 
    {
        "id": "C20",
        "img":"images/cemeras/digitalblue_Disney-Pix-Micro-2.0.jpg", 
        "specs": {
            "Aperture": "n/a", 
            "Aperture (35mm equiv.)": "n/a", 
            "Aperture priority": "n/a", 
            "Auto focus": "n/a", 
            "Batteries": "AAA", 
            "Brand": "Digital Blue", 
            "Built-in flash": "n/a", 
            "Crop factor": "n/a", 
            "Digital zoom": "n/a", 
            "Dimensions": "71.0 x 48.0 x 18.0 mm", 
            "Exposure Compensation": "n/a", 
            "External flash": "n/a", 
            "Flash modes": "n/a", 
            "Focal length (35mm equiv.)": "n/a", 
            "ISO": "n/a", 
            "LCD display": "n/a", 
            "LCD resolution": "n/a", 
            "LCD size": "n/a", 
            "Macro focus range": "n/a", 
            "Manual focus": "n/a", 
            "Max. resolution": "n/a", 
            "Max. shutter speed": "n/a", 
            "Megapixels": "0.3 Megapixel", 
            "Metering": "n/a", 
            "Min. resolution": "n/a", 
            "Min. shutter speed": "n/a", 
            "Model": "Disney Pix Micro 2.0 (Hannah Montana)", 
            "Normal focus range": "n/a", 
            "Optical zoom": "n/a", 
            "Selftimer": "n/a", 
            "Sensor resolution": "n/a", 
            "Sensor size": "n/a", 
            "Sensor type": "n/a", 
            "Shutter priority": "n/a", 
            "Storage types": "n/a", 
            "USB": "n/a", 
            "Viewfinder": "Optical - real-image", 
            "Weight": "43.0 g", 
            "White balance presets": "n/a", 
            "Year": "n/a"
        }, 
        "url": "http://www.cnet.com/products/digital-blue-disney-pix-micro-2-0-hannah-montana/specs/"
    }, 
    {
        "id": "C21", 
        "img": "images/cameras/fujifilm_finepix_xp10.png", 
        "specs": {
            "Aperture": "f4.0 - f4.8", 
            "Aperture (35mm equiv.)": "f22.5 - f27", 
            "Aperture priority": "No", 
            "Auto focus": "Yes", 
            "Batteries": "Lithium-Ion NP-45A battery & charger", 
            "Brand": "Fujifilm", 
            "Built-in flash": "Yes", 
            "Crop factor": "5.62", 
            "Digital zoom": "Yes", 
            "Dimensions": "95.6x63.8x23.2 mm", 
            "Exposure Compensation": "-2EV - +2EV with 1/3EV steps", 
            "External flash": "No", 
            "Flash modes": "Anti red-eye, Auto, Fill in, Off, Slow flash", 
            "Focal length (35mm equiv.)": "36 - 180 mm", 
            "ISO": "Auto, 100, 200, 400, 800, 1600", 
            "LCD display": "Yes", 
            "LCD resolution": "230,000", 
            "LCD size": "2.7\"", 
            "Macro focus range": "9 cm", 
            "Manual focus": "No", 
            "Max. resolution": "4000 x 3000", 
            "Max. shutter speed": "1/2000 sec", 
            "Megapixels": "12.20", 
            "Metering": "TTL 256-zones metering", 
            "Min. resolution": "640 x 480", 
            "Min. shutter speed": "1/4 sec", 
            "Model": "FinePix XP10", 
            "Normal focus range": "60 cm", 
            "Optical zoom": "5x", 
            "Selftimer": "Yes", 
            "Sensor resolution": "4029 x 3029", 
            "Sensor size": "1/2.3\" (~ 6.16 x 4.62 mm)", 
            "Sensor type": "CCD", 
            "Shutter priority": "No", 
            "Storage types": "SDHC, Secure Digital", 
            "USB": "USB 2.0 (480 Mbit/sec)", 
            "Viewfinder": "None", 
            "Weight": "135g", 
            "White balance presets": "6", 
            "Year": "2010"
        }, 
        "url": "http://www.digicamdb.com/specs/fujifilm_finepix-xp10/"
    }, 
    {
        "id": "C22", 
        "img": "images/cameras/ge_x500.png", 
        "specs": {
            "Aperture": "f3.0 - f5.2", 
            "Aperture (35mm equiv.)": "f16.9 - f29.2", 
            "Aperture priority": "Yes", 
            "Auto focus": "Yes", 
            "Batteries": "4x AA", 
            "Brand": "GE", 
            "Built-in flash": "Yes", 
            "Crop factor": "5.62", 
            "Digital zoom": "Yes", 
            "Dimensions": "103x74x68 mm", 
            "Exposure Compensation": "-2EV - +2EV with 1/3 EV steps", 
            "External flash": "No", 
            "Flash modes": "Anti red-eye, Auto, Fill in, Off, Slow flash", 
            "Focal length (35mm equiv.)": "27 - 405 mm", 
            "ISO": "Auto, 80, 100, 200, 400, 800, 1600, 3200", 
            "LCD display": "Yes", 
            "LCD resolution": "230,400", 
            "LCD size": "2.7\"", 
            "Macro focus range": "5 cm", 
            "Manual focus": "No", 
            "Max. resolution": "4608 x 3456", 
            "Max. shutter speed": "1/2000 sec", 
            "Megapixels": "16.50", 
            "Metering": "Centre weighted, Multi-segment, Spot", 
            "Min. resolution": "640 x 480", 
            "Min. shutter speed": "4 sec", 
            "Model": "X500", 
            "Normal focus range": "60 cm", 
            "Optical zoom": "Yes", 
            "Selftimer": "Yes", 
            "Sensor resolution": "4684 x 3522", 
            "Sensor size": "1/2.3\" (~ 6.16 x 4.62 mm)", 
            "Sensor type": "CCD", 
            "Shutter priority": "Yes", 
            "Storage types": "SDHC, Secure Digital", 
            "USB": "USB 2.0 Hi-Speed", 
            "Viewfinder": "Electronic", 
            "Weight": "350g", 
            "White balance presets": "6", 
            "Year": "2011"
        }, 
        "url": "http://www.digicamdb.com/specs/ge_x500/"
    }, 
    {
        "id": "C23",
        "img":"images/cameras/gopro_Hero3-Plus-Silver-Edition.jpg", 
        "specs": {
            "Aperture": "n/a", 
            "Aperture (35mm equiv.)": "n/a", 
            "Aperture priority": "n/a", 
            "Auto focus": "n/a", 
            "Batteries": "n/a", 
            "Brand": "GoPro", 
            "Built-in flash": "n/a", 
            "Crop factor": "n/a", 
            "Digital zoom": "n/a", 
            "Dimensions": "n/a", 
            "Exposure Compensation": "n/a", 
            "External flash": "n/a", 
            "Flash modes": "n/a", 
            "Focal length (35mm equiv.)": "n/a", 
            "ISO": "n/a", 
            "LCD display": "n/a", 
            "LCD resolution": "n/a", 
            "LCD size": "n/a", 
            "Macro focus range": "n/a", 
            "Manual focus": "n/a", 
            "Max. resolution": "n/a", 
            "Max. shutter speed": "n/a", 
            "Megapixels": "n/a", 
            "Metering": "matrix,spot", 
            "Min. resolution": "n/a", 
            "Min. shutter speed": "n/a", 
            "Model": "Hero3+ Silver Edition", 
            "Normal focus range": "n/a", 
            "Optical zoom": "n/a", 
            "Selftimer": "n/a", 
            "Sensor resolution": "n/a", 
            "Sensor size": "n/a", 
            "Sensor type": "n/a", 
            "Shutter priority": "n/a", 
            "Storage types": "microSD Card,microSDHC Card,microSDXC Card", 
            "USB": "n/a", 
            "Viewfinder": "n/a", 
            "Weight": "74.0 g", 
            "White balance presets": "n/a", 
            "Year": "n/a"
        }, 
        "url": "http://www.cnet.com/products/gopro-hero3-plus-silver-edition/specs/"
    }, 
    {
        "id": "C24", 
        "img": "images/cameras/kodak_z990.png", 
        "specs": {
            "Aperture": "f2.8 - f5.6", 
            "Aperture (35mm equiv.)": "f15.9 - f31.9", 
            "Aperture priority": "Yes", 
            "Auto focus": "Yes", 
            "Batteries": "AA (4) batteries (NiMH Rechargeable batteries)", 
            "Brand": "Kodak", 
            "Built-in flash": "Yes", 
            "Crop factor": "5.69", 
            "Digital zoom": "Yes", 
            "Dimensions": "124x91x105 mm", 
            "Exposure Compensation": "&#177;2 EV (at 1/3 EV steps)", 
            "External flash": "No", 
            "Flash modes": "Auto, Fill-in, Red-Eye reduction, Off", 
            "Focal length (35mm equiv.)": "28 - 840 mm", 
            "ISO": "Auto, 125, 200, 400, 800, 1600, 3200 and 6400", 
            "LCD display": "Yes", 
            "LCD resolution": "460,000", 
            "LCD size": "3\"", 
            "Macro focus range": "1 cm", 
            "Manual focus": "Yes", 
            "Max. resolution": "4000 x 3000", 
            "Max. shutter speed": "1/2000 sec", 
            "Megapixels": "12.00", 
            "Metering": "Multi, Center-weighted, Spot", 
            "Min. resolution": "2048 x 1536", 
            "Min. shutter speed": "16 sec", 
            "Model": "EasyShare Z990", 
            "Normal focus range": "70 cm", 
            "Optical zoom": "30x", 
            "Selftimer": "Yes", 
            "Sensor resolution": "3995 x 3004", 
            "Sensor size": "1/2.33\" (~ 6.08 x 4.56 mm)", 
            "Sensor type": "BSI CMOS", 
            "Shutter priority": "Yes", 
            "Storage types": "SD/SDHC card, Internal", 
            "USB": "USB 2.0 (480 Mbit/sec)", 
            "Viewfinder": "Electronic", 
            "Weight": "445g", 
            "White balance presets": "4", 
            "Year": "2011"
        }, 
        "url": "http://www.digicamdb.com/specs/kodak_easyshare-z990/"
    }, 
    {
        "id": "C25", 
        "img": "images/cameras/kodak_LS443.png", 
        "specs": {
            "Aperture": "f2.8 - f9.6", 
            "Aperture (35mm equiv.)": "f18.2 - f62.4", 
            "Aperture priority": "No", 
            "Auto focus": "Yes", 
            "Batteries": "Kodak Lithium-Ion, dock & charger (included)", 
            "Brand": "Kodak", 
            "Built-in flash": "Yes", 
            "Crop factor": "6.5", 
            "Digital zoom": "Yes", 
            "Dimensions": "109x62x38 mm", 
            "Exposure Compensation": "&#177;2 EV (at 1/2 EV steps)", 
            "External flash": "No", 
            "Flash modes": "Auto, Fill-in, Red-Eye reduction, Off", 
            "Focal length (35mm equiv.)": "35 - 105 mm", 
            "ISO": "Auto, 100, 200, 400", 
            "LCD display": "Yes", 
            "LCD resolution": "134,000", 
            "LCD size": "1.8\"", 
            "Macro focus range": "13 cm", 
            "Manual focus": "No", 
            "Max. resolution": "2448 x 1632", 
            "Max. shutter speed": "1/1000 sec", 
            "Megapixels": "4.00", 
            "Metering": "Multi, Center-weighted, Spot", 
            "Min. resolution": "1224 x 816", 
            "Min. shutter speed": "4 sec", 
            "Model": "LS443", 
            "Normal focus range": "70 cm", 
            "Optical zoom": "3x", 
            "Selftimer": "Yes", 
            "Sensor resolution": "2306 x 1734", 
            "Sensor size": "1/2.7\" (~ 5.33 x 4 mm)", 
            "Sensor type": "CCD", 
            "Shutter priority": "No", 
            "Storage types": "SD/MMC card, Internal", 
            "USB": "USB 1.0 (1.5 Mbit/sec)", 
            "Viewfinder": "Optical (tunnel)", 
            "Weight": "260g", 
            "White balance presets": "4", 
            "Year": "2002"
        }, 
        "url": "http://www.digicamdb.com/specs/kodak_ls443/"
    }, 
    {
        "id": "C26", 
        "img": "images/cameras/kodak_Zi8.jpg",
        "specs": {
            "Aperture": "n/a", 
            "Aperture (35mm equiv.)": "n/a", 
            "Aperture priority": "n/a", 
            "Auto focus": "n/a", 
            "Batteries": "Kodak KLIC 7004", 
            "Brand": "Kodak", 
            "Built-in flash": "n/a", 
            "Crop factor": "n/a", 
            "Digital zoom": "n/a", 
            "Dimensions": "61.0 x 112.0 x 23.0 mm", 
            "Exposure Compensation": "n/a", 
            "External flash": "n/a", 
            "Flash modes": "n/a", 
            "Focal length (35mm equiv.)": "n/a", 
            "ISO": "ISO auto (50-800)", 
            "LCD display": "n/a", 
            "LCD resolution": "n/a", 
            "LCD size": "n/a", 
            "Macro focus range": "n/a", 
            "Manual focus": "n/a", 
            "Max. resolution": "n/a", 
            "Max. shutter speed": "n/a", 
            "Megapixels": "n/a", 
            "Metering": "n/a", 
            "Min. resolution": "n/a", 
            "Min. shutter speed": "n/a", 
            "Model": "Zi8 Pocket Video Camera (Raspberry)", 
            "Normal focus range": "n/a", 
            "Optical zoom": "n/a", 
            "Selftimer": "n/a", 
            "Sensor resolution": "n/a", 
            "Sensor size": "1/2.5\"", 
            "Sensor type": "n/a", 
            "Shutter priority": "n/a", 
            "Storage types": "SD Memory Card", 
            "USB": "n/a", 
            "Viewfinder": "n/a", 
            "Weight": "111.0 g", 
            "White balance presets": "n/a", 
            "Year": "n/a"
        }, 
        "url": "http://www.cnet.com/products/kodak-zi8-pocket-video-camera/specs/"
    }, 
    {
        "id": "C27", 
        "img": "images/cameras/kodak_easyshare_c195.png", 
        "specs": {
            "Aperture": "n/a", 
            "Aperture (35mm equiv.)": "n/a", 
            "Aperture priority": "No", 
            "Auto focus": "Yes", 
            "Batteries": "2x AA", 
            "Brand": "Kodak", 
            "Built-in flash": "Yes", 
            "Crop factor": "5.62", 
            "Digital zoom": "Yes", 
            "Dimensions": "96.3x61.7x30.1 mm", 
            "Exposure Compensation": "-2EV - +2EV with 1/3EV steps", 
            "External flash": "No", 
            "Flash modes": "Anti red-eye, Auto, Fill in, Off", 
            "Focal length (35mm equiv.)": "33 - 165 mm", 
            "ISO": "Auto, 64, 100, 200, 400, 800, 1000", 
            "LCD display": "Yes", 
            "LCD resolution": "230,000", 
            "LCD size": "3\"", 
            "Macro focus range": "10 cm", 
            "Manual focus": "No", 
            "Max. resolution": "4288 x 3216", 
            "Max. shutter speed": "1/1400 sec", 
            "Megapixels": "14.50", 
            "Metering": "Centre weighted, Multi-segment", 
            "Min. resolution": "1280 x 960", 
            "Min. shutter speed": "1/4 sec", 
            "Model": "EasyShare C195", 
            "Normal focus range": "50 cm", 
            "Optical zoom": "Yes", 
            "Selftimer": "Yes", 
            "Sensor resolution": "4392 x 3302", 
            "Sensor size": "1/2.3\" (~ 6.16 x 4.62 mm)", 
            "Sensor type": "CCD", 
            "Shutter priority": "No", 
            "Storage types": "SDHC, Secure Digital", 
            "USB": "USB 2.0 Hi-Speed", 
            "Viewfinder": "None", 
            "Weight": "177g", 
            "White balance presets": "5", 
            "Year": "2010"
        }, 
        "url": "http://www.digicamdb.com/specs/kodak_easyshare-c195/"
    }, 
    {
        "id": "C28", 
        "img": "images/cameras/nikon_d3100.png", 
        "specs": {
            "Aperture": "n/a", 
            "Aperture (35mm equiv.)": "n/a", 
            "Aperture priority": "Yes", 
            "Auto focus": "Yes", 
            "Batteries": "Lithium-Ion EN-EL14 rechargeable battery & charger", 
            "Brand": "Nikon", 
            "Built-in flash": "Yes", 
            "Crop factor": "1.56", 
            "Digital zoom": "No", 
            "Dimensions": "124 x 96 x 75 mm", 
            "Exposure Compensation": "\u00b15 EV (at 1/3 EV steps)", 
            "External flash": "Yes", 
            "Flash modes": "Anti red-eye, Auto, Fill in, Off, Rear curtin, Slow flash", 
            "Focal length (35mm equiv.)": "n/a", 
            "ISO": "Auto, 100, 200, 400, 800, 1600, 3200 (12800 with boost)", 
            "LCD display": "Yes", 
            "LCD resolution": "230,000", 
            "LCD size": "3\"", 
            "Macro focus range": "n/a", 
            "Manual focus": "Yes", 
            "Max. resolution": "4608 x 3072", 
            "Max. shutter speed": "1/4000 sec", 
            "Megapixels": "14.20", 
            "Metering": "Multi, Center-weighted, Average", 
            "Min. resolution": "2304 x 1536", 
            "Min. shutter speed": "30 sec", 
            "Model": "D3100", 
            "Normal focus range": "n/a", 
            "Optical zoom": "n/a", 
            "Selftimer": "Yes", 
            "Sensor resolution": "4616 x 3077", 
            "Sensor size": "23.1 x 15.4 mm", 
            "Sensor type": "CMOS", 
            "Shutter priority": "Yes", 
            "Storage types": "SDHC, SDXC, Secure Digital", 
            "USB": "USB 2.0 (480 Mbit/sec)", 
            "Viewfinder": "Optical (pentamirror)", 
            "Weight": "505 g", 
            "White balance presets": "12", 
            "Year": "2010"
        }, 
        "url": "http://www.digicamdb.com/specs/nikon_d3100/"
    }, 
    {
        "id": "C29", 
        "img": "images/cameras/nikon_d3200.png", 
        "specs": {
            "Aperture": "n/a", 
            "Aperture (35mm equiv.)": "n/a", 
            "Aperture priority": "Yes", 
            "Auto focus": "Yes", 
            "Batteries": "Lithium-Ion EN-EL14 rechargeable battery & charger", 
            "Brand": "Nikon", 
            "Built-in flash": "Yes", 
            "Crop factor": "1.55", 
            "Digital zoom": "No", 
            "Dimensions": "125x96x77 mm", 
            "Exposure Compensation": "&#177;5 EV (at 1/3 EV steps)", 
            "External flash": "Yes", 
            "Flash modes": "Auto, Red-Eye, Slow, Red-Eye Slow, Rear curtain", 
            "Focal length (35mm equiv.)": "n/a", 
            "ISO": "Auto, 100, 200, 400, 800, 1600, 3200, 6400 (12800 with boost)", 
            "LCD display": "Yes", 
            "LCD resolution": "921,000", 
            "LCD size": "3\"", 
            "Macro focus range": "n/a", 
            "Manual focus": "Yes", 
            "Max. resolution": "6016 x 4000", 
            "Max. shutter speed": "1/4000 sec", 
            "Megapixels": "24.20", 
            "Metering": "Multi, Center-weighted, Spot AF-area", 
            "Min. resolution": "3008 x 2000", 
            "Min. shutter speed": "30 sec", 
            "Model": "D3200", 
            "Normal focus range": "n/a", 
            "Optical zoom": "n/a", 
            "Selftimer": "Yes", 
            "Sensor resolution": "6045 x 4003", 
            "Sensor size": "23.2 x 15.4 mm", 
            "Sensor type": "CMOS", 
            "Shutter priority": "Yes", 
            "Storage types": "SD/SDHC/SDXC UHS-I compliant", 
            "USB": "USB 2.0 (480 Mbit/sec)", 
            "Viewfinder": "Optical (pentamirror)", 
            "Weight": "505g", 
            "White balance presets": "12", 
            "Year": "2012"
        }, 
        "url": "http://www.digicamdb.com/specs/nikon_d3200/"
    }, 
    {
        "id": "C30", 
        "img": "images/cameras/nikon_coolpix_p510.png", 
        "specs": {
            "Aperture": "f3.3 - f5.9", 
            "Aperture (35mm equiv.)": "f18.5 - f33.2", 
            "Aperture priority": "Yes", 
            "Auto focus": "Yes", 
            "Batteries": "Nikon EN-EL5 Lithium-Ion battery", 
            "Brand": "Nikon", 
            "Built-in flash": "Yes", 
            "Crop factor": "5.62", 
            "Digital zoom": "Yes", 
            "Dimensions": "120x83x102 mm", 
            "Exposure Compensation": "-2EV - +2EV with 1/3EV steps", 
            "External flash": "No", 
            "Flash modes": "Anti red-eye, Auto, Fill in, Off, Slow flash", 
            "Focal length (35mm equiv.)": "24 - 1000 mm", 
            "ISO": "Auto, 100, 200, 400, 800, 1600, 2000, 3200", 
            "LCD display": "Yes", 
            "LCD resolution": "921,000", 
            "LCD size": "3\"", 
            "Macro focus range": "2 cm", 
            "Manual focus": "No", 
            "Max. resolution": "4608 x 3456", 
            "Max. shutter speed": "1/8000 sec", 
            "Megapixels": "16.10", 
            "Metering": "Centre weighted, Multi-segment, Spot", 
            "Min. resolution": "640 x 480", 
            "Min. shutter speed": "30 sec", 
            "Model": "Coolpix P510", 
            "Normal focus range": "30 cm", 
            "Optical zoom": "42x", 
            "Selftimer": "Yes", 
            "Sensor resolution": "4627 x 3479", 
            "Sensor size": "1/2.3\" (~ 6.16 x 4.62 mm)", 
            "Sensor type": "CMOS", 
            "Shutter priority": "Yes", 
            "Storage types": "SDHC, SDXC, Secure Digital", 
            "USB": "USB 2.0 (480 Mbit/sec)", 
            "Viewfinder": "Electronic", 
            "Weight": "555g", 
            "White balance presets": "7", 
            "Year": "2012"
        }, 
        "url": "http://www.digicamdb.com/specs/nikon_coolpix-p510/"
    }, 
    {
        "id": "C31", 
        "img": "images/cameras/nikon_d7000.png", 
        "specs": {
            "Aperture": "n/a", 
            "Aperture (35mm equiv.)": "n/a", 
            "Aperture priority": "Yes", 
            "Auto focus": "Yes", 
            "Batteries": "Lithium-IonEN-EL15 rechargeable battery & charger", 
            "Brand": "Nikon", 
            "Built-in flash": "Yes", 
            "Crop factor": "1.53", 
            "Digital zoom": "No", 
            "Dimensions": "132 x 105 x 77 mm", 
            "Exposure Compensation": "-5EV - +5EV with 1/3 or 1/2 step", 
            "External flash": "Yes", 
            "Flash modes": "Anti red-eye, Auto, Fill in, Off, Rear curtin, Slow flash", 
            "Focal length (35mm equiv.)": "n/a", 
            "ISO": "100 - 6400 in 1, 1/2 or 1/3 EV steps (100 - 25600 with boost)", 
            "LCD display": "Yes", 
            "LCD resolution": "921,000", 
            "LCD size": "3\"", 
            "Macro focus range": "n/a", 
            "Manual focus": "Yes", 
            "Max. resolution": "4928 x 3264", 
            "Max. shutter speed": "1/8000 sec", 
            "Megapixels": "16.20", 
            "Metering": "3D Matrix metering II, Centre weighted, Spot", 
            "Min. resolution": "2464 x 1632", 
            "Min. shutter speed": "30 sec", 
            "Model": "D7000", 
            "Normal focus range": "n/a", 
            "Optical zoom": "n/a", 
            "Selftimer": "Yes", 
            "Sensor resolution": "4945 x 3275", 
            "Sensor size": "23.6 x 15.6 mm", 
            "Sensor type": "CMOS", 
            "Shutter priority": "Yes", 
            "Storage types": "SDHC, SDXC, Secure Digital", 
            "USB": "USB 2.0 (480 Mbit/sec)", 
            "Viewfinder": "Optical (pentaprism)", 
            "Weight": "780 g", 
            "White balance presets": "12", 
            "Year": "2010"
        }, 
        "url": "http://www.digicamdb.com/specs/nikon_d7000/"
    }, 
    {
        "id": "C32", 
        "img": "images/cameras/nikon_d800.png", 
        "specs": {
            "Aperture": "n/a", 
            "Aperture (35mm equiv.)": "n/a", 
            "Aperture priority": "Yes", 
            "Auto focus": "Yes", 
            "Batteries": "Lithium-IonEN-EL15 rechargeable battery & charger", 
            "Brand": "Nikon", 
            "Built-in flash": "Yes", 
            "Crop factor": "1", 
            "Digital zoom": "Yes", 
            "Dimensions": "146x123x82 mm", 
            "Exposure Compensation": "-5EV - +5EV with 1, 1/2 or 1/3 s", 
            "External flash": "Yes", 
            "Flash modes": "Anti red-eye, Auto, Fill in, Front curtin, Off, Rear curtin, Slow flash", 
            "Focal length (35mm equiv.)": "n/a", 
            "ISO": "Auto, 100 - 6400", 
            "LCD display": "Yes", 
            "LCD resolution": "921,000", 
            "LCD size": "3.2\"", 
            "Macro focus range": "n/a", 
            "Manual focus": "Yes", 
            "Max. resolution": "7360 x 4912", 
            "Max. shutter speed": "1/8000 sec", 
            "Megapixels": "36.30", 
            "Metering": "3D Matrix metering II, Centre weighted, Multi-segment, Spot", 
            "Min. resolution": "2400 x 1600", 
            "Min. shutter speed": "Bulb+30 sec", 
            "Model": "D800", 
            "Normal focus range": "n/a", 
            "Optical zoom": "n/a", 
            "Selftimer": "Yes", 
            "Sensor resolution": "7379 x 4919", 
            "Sensor size": "35.9 x 24 mm", 
            "Sensor type": "CMOS", 
            "Shutter priority": "Yes", 
            "Storage types": "CompactFlash type I, SDHC, SDXC, Secure Digital", 
            "USB": "USB 3.0 (5 GBit/sec)", 
            "Viewfinder": "Optical (pentaprism)", 
            "Weight": "900g", 
            "White balance presets": "12", 
            "Year": "2012"
        }, 
        "url": "http://www.digicamdb.com/specs/nikon_d800/"
    }, 
    {
        "id": "C33", 
        "img": "images/cameras/nikon_d600.png", 
        "specs": {
            "Aperture": "n/a", 
            "Aperture (35mm equiv.)": "n/a", 
            "Aperture priority": "Yes", 
            "Auto focus": "Yes", 
            "Batteries": "Lithium-Ion EN-EL15 rechargeable battery & charger", 
            "Brand": "Nikon", 
            "Built-in flash": "Yes", 
            "Crop factor": "1", 
            "Digital zoom": "No", 
            "Dimensions": "141x113x82 mm", 
            "Exposure Compensation": "&#177;5 EV (at 1/3 EV, 1/2 EV steps)", 
            "External flash": "Yes", 
            "Flash modes": "Auto, On, Off, Red-eye, Slow sync, Rear curtain", 
            "Focal length (35mm equiv.)": "n/a", 
            "ISO": "100 - 6400 in 1, 1/2 or 1/3 EV steps (50 - 25600 with boost)", 
            "LCD display": "Yes", 
            "LCD resolution": "921,000", 
            "LCD size": "3.2\"", 
            "Macro focus range": "n/a", 
            "Manual focus": "Yes", 
            "Max. resolution": "6016 x 4016", 
            "Max. shutter speed": "1/4000 sec", 
            "Megapixels": "24.30", 
            "Metering": "Multi, Center-weighted, Average, Spot", 
            "Min. resolution": "2944 x 1968", 
            "Min. shutter speed": "30 sec", 
            "Model": "D600", 
            "Normal focus range": "n/a", 
            "Optical zoom": "n/a", 
            "Selftimer": "Yes", 
            "Sensor resolution": "6038 x 4025", 
            "Sensor size": "35.9 x 24 mm", 
            "Sensor type": "CMOS", 
            "Shutter priority": "Yes", 
            "Storage types": "SD,SDHC,SDXC x 2 slots", 
            "USB": "USB 2.0 (480 Mbit/sec)", 
            "Viewfinder": "Optical", 
            "Weight": "760g", 
            "White balance presets": "12", 
            "Year": "2012"
        }, 
        "url": "http://www.digicamdb.com/specs/nikon_d600/"
    }, 
    {
        "id": "C34", 
        "img": "images/cameras/nikon_coolpix_s9100.png", 
        "specs": {
            "Aperture": "f3.5 - f5.9", 
            "Aperture (35mm equiv.)": "f19.7 - f33.2", 
            "Aperture priority": "No", 
            "Auto focus": "Yes", 
            "Batteries": "Nikon EN-EL12 Lithium-Ion battery", 
            "Brand": "Nikon", 
            "Built-in flash": "Yes", 
            "Crop factor": "5.62", 
            "Digital zoom": "Yes", 
            "Dimensions": "104.8x62x34.6 mm", 
            "Exposure Compensation": "-2EV - +2EV with 1/3EV steps", 
            "External flash": "No", 
            "Flash modes": "Anti red-eye, Auto, Fill in, Off, Slow flash", 
            "Focal length (35mm equiv.)": "25 - 450 mm", 
            "ISO": "Auto, 160 - 3200", 
            "LCD display": "Yes", 
            "LCD resolution": "921,000", 
            "LCD size": "3\"", 
            "Macro focus range": "4 cm", 
            "Manual focus": "Yes", 
            "Max. resolution": "4000 x 3000", 
            "Max. shutter speed": "1/2000 sec", 
            "Megapixels": "12.00", 
            "Metering": "Multi, Center-weighted, Spot, Spot AF-area", 
            "Min. resolution": "640 x 480", 
            "Min. shutter speed": "4 sec", 
            "Model": "Coolpix S9100", 
            "Normal focus range": "50 cm", 
            "Optical zoom": "18x", 
            "Selftimer": "Yes", 
            "Sensor resolution": "3995 x 3004", 
            "Sensor size": "1/2.3\" (~ 6.16 x 4.62 mm)", 
            "Sensor type": "CCD", 
            "Shutter priority": "No", 
            "Storage types": "SDHC, SDXC, Secure Digital", 
            "USB": "USB 2.0 (480 Mbit/sec)", 
            "Viewfinder": "None", 
            "Weight": "214g", 
            "White balance presets": "5", 
            "Year": "2011"
        }, 
        "url": "http://www.digicamdb.com/specs/nikon_coolpix-s9100/"
    }, 
    {
        "id": "C35", 
        "img": "images/cameras/nikon_coolpix_s6300.png", 
        "specs": {
            "Aperture": "f3.2 - f5.8", 
            "Aperture (35mm equiv.)": "f18 - f32.6", 
            "Aperture priority": "No", 
            "Auto focus": "Yes", 
            "Batteries": "Nikon EN-EL12 Lithium-Ion battery", 
            "Brand": "Nikon", 
            "Built-in flash": "Yes", 
            "Crop factor": "5.62", 
            "Digital zoom": "Yes", 
            "Dimensions": "94x58x26 mm", 
            "Exposure Compensation": "&#177;2 EV (at 1/3 EV steps)", 
            "External flash": "No", 
            "Flash modes": "Auto, On, Off, Red-Eye, Slow-sync", 
            "Focal length (35mm equiv.)": "25 - 250 mm", 
            "ISO": "Auto, 125, 200, 400, 800, 1600, 3200", 
            "LCD display": "Yes", 
            "LCD resolution": "230,000", 
            "LCD size": "2.7\"", 
            "Macro focus range": "10 cm", 
            "Manual focus": "No", 
            "Max. resolution": "4608 x 3456", 
            "Max. shutter speed": "1/8000 sec", 
            "Megapixels": "16.00", 
            "Metering": "Multi, Center-weighted, Spot, Spot AF-area", 
            "Min. resolution": "640 x 480", 
            "Min. shutter speed": "30 sec", 
            "Model": "Coolpix S6300", 
            "Normal focus range": "50 cm", 
            "Optical zoom": "10x", 
            "Selftimer": "Yes", 
            "Sensor resolution": "4612 x 3468", 
            "Sensor size": "1/2.3\" (~ 6.16 x 4.62 mm)", 
            "Sensor type": "BSI CMOS", 
            "Shutter priority": "No", 
            "Storage types": "SD/SDHC/SDXC", 
            "USB": "USB 2.0 (480 Mbit/sec)", 
            "Viewfinder": "None", 
            "Weight": "160g", 
            "White balance presets": "5", 
            "Year": "2012"
        }, 
        "url": "http://www.digicamdb.com/specs/nikon_coolpix-s6300/"
    }, 
    {
        "id": "C36", 
        "img": "images/cameras/nikon_775.png", 
        "specs": {
            "Aperture": "f2.8 - f4.9", 
            "Aperture (35mm equiv.)": "f18.2 - f31.9", 
            "Aperture priority": "No", 
            "Auto focus": "Yes", 
            "Batteries": "Nikon EN-EL1 Lithium-Ion & charger included", 
            "Brand": "Nikon", 
            "Built-in flash": "Yes", 
            "Crop factor": "6.5", 
            "Digital zoom": "Yes", 
            "Dimensions": "87x67x44 mm", 
            "Exposure Compensation": "&#177;2 EV (at 1/3 EV steps)", 
            "External flash": "No", 
            "Flash modes": "Auto, Fill-in, Red-Eye reduction, Slow, Off", 
            "Focal length (35mm equiv.)": "38 - 115 mm", 
            "ISO": "Auto, (100)", 
            "LCD display": "Yes", 
            "LCD resolution": "110,000", 
            "LCD size": "1.5\"", 
            "Macro focus range": "4 cm", 
            "Manual focus": "No", 
            "Max. resolution": "1600 x 1200", 
            "Max. shutter speed": "1/1000 sec", 
            "Megapixels": "1.90", 
            "Metering": "Multi, Center-weighted, Spot", 
            "Min. resolution": "1024 x 768", 
            "Min. shutter speed": "1 sec", 
            "Model": "Coolpix 775", 
            "Normal focus range": "30 cm", 
            "Optical zoom": "3x", 
            "Selftimer": "Yes", 
            "Sensor resolution": "1589 x 1195", 
            "Sensor size": "1/2.7\" (~ 5.33 x 4 mm)", 
            "Sensor type": "CCD", 
            "Shutter priority": "No", 
            "Storage types": "Compact Flash (Type I only)", 
            "USB": "USB 1.0 (1.5 Mbit/sec)", 
            "Viewfinder": "Optical (tunnel)", 
            "Weight": "230g", 
            "White balance presets": "5", 
            "Year": "2001"
        }, 
        "url": "http://www.digicamdb.com/specs/nikon_coolpix-775/"
    }, 
    {
        "id": "C37", 
        "img": "images/cameras/nikon_l110.png", 
        "specs": {
            "Aperture": "f3.5 - f5.4", 
            "Aperture (35mm equiv.)": "f19.7 - f30.3", 
            "Aperture priority": "No", 
            "Auto focus": "Yes", 
            "Batteries": "4 x AA batteries (Alkaline, NiMH, or Lithium)", 
            "Brand": "Nikon", 
            "Built-in flash": "Yes", 
            "Crop factor": "5.62", 
            "Digital zoom": "Yes", 
            "Dimensions": "109x74x78 mm", 
            "Exposure Compensation": "-2EV - +2EV with 1/3EV steps", 
            "External flash": "No", 
            "Flash modes": "Anti red-eye, Auto, Fill in, Off", 
            "Focal length (35mm equiv.)": "28 - 420 mm", 
            "ISO": "auto", 
            "LCD display": "Yes", 
            "LCD resolution": "230,000", 
            "LCD size": "3\"", 
            "Macro focus range": "1 cm", 
            "Manual focus": "No", 
            "Max. resolution": "4000 x 3000", 
            "Max. shutter speed": "1/2000 sec", 
            "Megapixels": "12.20", 
            "Metering": "Multi, Center-weighted, Spot", 
            "Min. resolution": "640 x 480", 
            "Min. shutter speed": "8 sec", 
            "Model": "Coolpix L110", 
            "Normal focus range": "60 cm", 
            "Optical zoom": "15x", 
            "Selftimer": "Yes", 
            "Sensor resolution": "4029 x 3029", 
            "Sensor size": "1/2.3\" (~ 6.16 x 4.62 mm)", 
            "Sensor type": "CCD", 
            "Shutter priority": "No", 
            "Storage types": "SDHC, Secure Digital", 
            "USB": "USB 2.0 (480 Mbit/sec)", 
            "Viewfinder": "None", 
            "Weight": "406g", 
            "White balance presets": "5", 
            "Year": "2010"
        }, 
        "url": "http://www.digicamdb.com/specs/nikon_coolpix-l110/"
    }, 
    {
        "id": "C38", 
        "img": "images/cameras/nikon_l22.png", 
        "specs": {
            "Aperture": "f3.1 - f6.7", 
            "Aperture (35mm equiv.)": "f17.4 - f37.7", 
            "Aperture priority": "No", 
            "Auto focus": "Yes", 
            "Batteries": "2 x AA batteries (Alkaline, NiMH or Lithium)", 
            "Brand": "Nikon", 
            "Built-in flash": "Yes", 
            "Crop factor": "5.62", 
            "Digital zoom": "Yes", 
            "Dimensions": "98x61x28 mm", 
            "Exposure Compensation": "-2EV - +2EV with 1/3EV steps", 
            "External flash": "No", 
            "Flash modes": "Anti red-eye, Auto, Fill in, Off", 
            "Focal length (35mm equiv.)": "37 - 134 mm", 
            "ISO": "auto", 
            "LCD display": "Yes", 
            "LCD resolution": "230,000", 
            "LCD size": "3\"", 
            "Macro focus range": "5 cm", 
            "Manual focus": "No", 
            "Max. resolution": "4000 x 3000", 
            "Max. shutter speed": "1/2000 sec", 
            "Megapixels": "12.20", 
            "Metering": "Multi, Center-weighted, Spot", 
            "Min. resolution": "640 x 480", 
            "Min. shutter speed": "8 sec", 
            "Model": "Coolpix L22", 
            "Normal focus range": "30 cm", 
            "Optical zoom": "3.6x", 
            "Selftimer": "Yes", 
            "Sensor resolution": "4029 x 3029", 
            "Sensor size": "1/2.3\" (~ 6.16 x 4.62 mm)", 
            "Sensor type": "CCD", 
            "Shutter priority": "No", 
            "Storage types": "SDHC, Secure Digital", 
            "USB": "USB 2.0 (480 Mbit/sec)", 
            "Viewfinder": "None", 
            "Weight": "183g", 
            "White balance presets": "5", 
            "Year": "2010"
        }, 
        "url": "http://www.digicamdb.com/specs/nikon_coolpix-l22/"
    }, 
    {
        "id": "C39", 
        "img": "images/cameras/nikon_aw110.png", 
        "specs": {
            "Aperture": "f3.9 - f4.8", 
            "Aperture (35mm equiv.)": "f21.9 - f27", 
            "Aperture priority": "No", 
            "Auto focus": "Yes", 
            "Batteries": "Rechargeable Li-ion Battery EN-EL12", 
            "Brand": "Nikon", 
            "Built-in flash": "Yes", 
            "Crop factor": "5.62", 
            "Digital zoom": "Yes", 
            "Dimensions": "110.1 x 65.3 x 24.5 mm", 
            "Exposure Compensation": "+/- 2 EV in steps of 1/3", 
            "External flash": "No", 
            "Flash modes": "Auto, Red-eye, Fill-in, Slow sync, Off", 
            "Focal length (35mm equiv.)": "28 - 140mm", 
            "ISO": "Auto, 125, 200, 400, 800, 1600, 3200", 
            "LCD display": "Yes", 
            "LCD resolution": "614,000", 
            "LCD size": "3\"", 
            "Macro focus range": "1 cm", 
            "Manual focus": "n/a", 
            "Max. resolution": "4608 x 3456", 
            "Max. shutter speed": "1/5000 sec", 
            "Megapixels": "16.00", 
            "Metering": "Matrix, Center-weighted, Spot", 
            "Min. resolution": "640 x 480", 
            "Min. shutter speed": "4 sec", 
            "Model": "Coolpix AW110", 
            "Normal focus range": "50 cm", 
            "Optical zoom": "5x", 
            "Selftimer": "Yes", 
            "Sensor resolution": "4612 x 3468", 
            "Sensor size": "1/2.3\" (~ 6.16 x 4.62 mm)", 
            "Sensor type": "CMOS", 
            "Shutter priority": "No", 
            "Storage types": "SD/SDHC/SDXC", 
            "USB": "USB 2.0 (480 Mbit/sec)", 
            "Viewfinder": "None", 
            "Weight": "193 g", 
            "White balance presets": "5", 
            "Year": "2013"
        }, 
        "url": "http://www.digicamdb.com/specs/nikon_coolpix-aw110/"
    }, 
    {
        "id": "C40", 
        "img": "images/cameras/panasonic_tz5.png", 
        "specs": {
            "Aperture": "f3.3 - f4.9", 
            "Aperture (35mm equiv.)": "f18.8 - f27.9", 
            "Aperture priority": "No", 
            "Auto focus": "Yes", 
            "Batteries": "Lithium-Ion rechargeable & charger", 
            "Brand": "Panasonic", 
            "Built-in flash": "Yes", 
            "Crop factor": "5.69", 
            "Digital zoom": "Yes", 
            "Dimensions": "103.3x59.3x36.5 mm", 
            "Exposure Compensation": "-2EV - +2EV with 1/3EV steps", 
            "External flash": "No", 
            "Flash modes": "Anti red-eye, Auto, Fill in, Off, Slow flash", 
            "Focal length (35mm equiv.)": "28 - 280 mm", 
            "ISO": "Auto, 100, 200, 400, 800, 1600, 6400", 
            "LCD display": "Yes", 
            "LCD resolution": "460,000", 
            "LCD size": "3\"", 
            "Macro focus range": "5 cm", 
            "Manual focus": "No", 
            "Max. resolution": "3456 x 2592", 
            "Max. shutter speed": "1/2000 sec", 
            "Megapixels": "9.10", 
            "Metering": "Centre weighted, Intelligent Multiple, Spot", 
            "Min. resolution": "640 x 480", 
            "Min. shutter speed": "60 sec", 
            "Model": "Lumix DMC-TZ5", 
            "Normal focus range": "50 cm", 
            "Optical zoom": "10x", 
            "Selftimer": "Yes", 
            "Sensor resolution": "3479 x 2616", 
            "Sensor size": "1/2.33\" (~ 6.08 x 4.56 mm)", 
            "Sensor type": "CCD", 
            "Shutter priority": "No", 
            "Storage types": "SDHC, Secure Digital", 
            "USB": "USB 2.0 (480 Mbit/sec)", 
            "Viewfinder": "None", 
            "Weight": "214g", 
            "White balance presets": "6", 
            "Year": "2008"
        }, 
        "url": "http://www.digicamdb.com/specs/panasonic_lumix-dmc-tz5/"
    }, 
    {
        "id": "C41", 
        "img": "images/cameras/panasonic_lumix_dmc_zs8.png", 
        "specs": {
            "Aperture": "f3.3 - f5.9", 
            "Aperture (35mm equiv.)": "f18.8 - f33.6", 
            "Aperture priority": "Yes", 
            "Auto focus": "Yes", 
            "Batteries": "Lithium-Ion rechargeable battery & charger", 
            "Brand": "Panasonic", 
            "Built-in flash": "Yes", 
            "Crop factor": "5.69", 
            "Digital zoom": "Yes", 
            "Dimensions": "105x58x33 mm", 
            "Exposure Compensation": "-2EV - +2EV with 1/3EV steps", 
            "External flash": "No", 
            "Flash modes": "Anti red-eye, Auto, Fill in, Off, Slow flash", 
            "Focal length (35mm equiv.)": "24 - 384 mm", 
            "ISO": "Auto, 100, 200, 400, 800, 1600 - 6400", 
            "LCD display": "Yes", 
            "LCD resolution": "230,000", 
            "LCD size": "3\"", 
            "Macro focus range": "3 cm", 
            "Manual focus": "No", 
            "Max. resolution": "4320 x 3240", 
            "Max. shutter speed": "1/4000 sec", 
            "Megapixels": "14.10", 
            "Metering": "Centre weighted, Intelligent Multiple, Spot", 
            "Min. resolution": "640 x 480", 
            "Min. shutter speed": "60 sec", 
            "Model": "Lumix DMC-ZS8", 
            "Normal focus range": "50 cm", 
            "Optical zoom": "16x", 
            "Selftimer": "Yes", 
            "Sensor resolution": "4330 x 3256", 
            "Sensor size": "1/2.33\" (~ 6.08 x 4.56 mm)", 
            "Sensor type": "CCD", 
            "Shutter priority": "Yes", 
            "Storage types": "SDHC, SDXC, Secure Digital", 
            "USB": "USB 2.0 (480 Mbit/sec)", 
            "Viewfinder": "None", 
            "Weight": "210g", 
            "White balance presets": "6", 
            "Year": "2011"
        }, 
        "url": "http://www.digicamdb.com/specs/panasonic_lumix-dmc-zs8/"
    }, 
    {
        "id": "C42", 
        "img": "images/cameras/panasonic_lumix_dmc_ts3.png", 
        "specs": {
            "Aperture": "f3.3 - f5.9", 
            "Aperture (35mm equiv.)": "f18.8 - f33.6", 
            "Aperture priority": "No", 
            "Auto focus": "Yes", 
            "Batteries": "Lithium-Ion rechargeable battery & charger", 
            "Brand": "Panasonic", 
            "Built-in flash": "Yes", 
            "Crop factor": "5.69", 
            "Digital zoom": "Yes", 
            "Dimensions": "104x64x27 mm", 
            "Exposure Compensation": "-2EV - +2EV with 1/3EV steps", 
            "External flash": "No", 
            "Flash modes": "Anti red-eye, Auto, Fill in, Off, Slow flash", 
            "Focal length (35mm equiv.)": "28 - 128 mm", 
            "ISO": "Auto, 100, 200, 400, 800, 1600 - 6400", 
            "LCD display": "Yes", 
            "LCD resolution": "230,000", 
            "LCD size": "2.7\"", 
            "Macro focus range": "5 cm", 
            "Manual focus": "No", 
            "Max. resolution": "4000 x 3000", 
            "Max. shutter speed": "1/1300 sec", 
            "Megapixels": "12.10", 
            "Metering": "Intelligent Multiple", 
            "Min. resolution": "640 x 480", 
            "Min. shutter speed": "60 sec", 
            "Model": "Lumix DMC-TS3", 
            "Normal focus range": "30 cm", 
            "Optical zoom": "4.6x", 
            "Selftimer": "Yes", 
            "Sensor resolution": "4011 x 3016", 
            "Sensor size": "1/2.33\" (~ 6.08 x 4.56 mm)", 
            "Sensor type": "CCD", 
            "Shutter priority": "No", 
            "Storage types": "SDHC, SDXC, Secure Digital", 
            "USB": "USB 2.0 (480 Mbit/sec)", 
            "Viewfinder": "None", 
            "Weight": "197g", 
            "White balance presets": "6", 
            "Year": "2011"
        }, 
        "url": "http://www.digicamdb.com/specs/panasonic_lumix-dmc-ts3/"
    }, 
    {
        "id": "C43", 
        "img": "images/cameras/panasonic_lumix_dmc_ts20.png", 
        "specs": {
            "Aperture": "f3.9 - f5.7", 
            "Aperture (35mm equiv.)": "f22.2 - f32.4", 
            "Aperture priority": "No", 
            "Auto focus": "Yes", 
            "Batteries": "Lithium-Ion rechargeable battery & charger", 
            "Brand": "Panasonic", 
            "Built-in flash": "Yes", 
            "Crop factor": "5.69", 
            "Digital zoom": "Yes", 
            "Dimensions": "101x58x19 mm", 
            "Exposure Compensation": "-2EV - +2EV with 1/3EV steps", 
            "External flash": "No", 
            "Flash modes": "Anti red-eye, Auto, Fill in, Off, Slow flash", 
            "Focal length (35mm equiv.)": "25 - 100 mm", 
            "ISO": "Auto, Hi Auto, (1600-6400), 100, 200, 400, 800, 1600", 
            "LCD display": "Yes", 
            "LCD resolution": "230,000", 
            "LCD size": "2.7\"", 
            "Macro focus range": "5 cm", 
            "Manual focus": "No", 
            "Max. resolution": "4608 x 3456", 
            "Max. shutter speed": "1/1300 sec", 
            "Megapixels": "16.10", 
            "Metering": "Multi-segment", 
            "Min. resolution": "640 x 480", 
            "Min. shutter speed": "8 sec", 
            "Model": "Lumix DMC-TS20", 
            "Normal focus range": "50 cm", 
            "Optical zoom": "4x", 
            "Selftimer": "Yes", 
            "Sensor resolution": "4627 x 3479", 
            "Sensor size": "1/2.33\" (~ 6.08 x 4.56 mm)", 
            "Sensor type": "CCD", 
            "Shutter priority": "No", 
            "Storage types": "SDHC, SDXC, Secure Digital", 
            "USB": "USB 2.0 (480 Mbit/sec)", 
            "Viewfinder": "None", 
            "Weight": "142g", 
            "White balance presets": "4", 
            "Year": "2012"
        }, 
        "url": "http://www.digicamdb.com/specs/panasonic_lumix-dmc-ts20/"
    }, 
    {
        "id": "C44", 
        "img": "images/cameras/panasonic_lumix_dmc_ts4.png", 
        "specs": {
            "Aperture": "f3.3 - f5.9", 
            "Aperture (35mm equiv.)": "f18.8 - f33.6", 
            "Aperture priority": "No", 
            "Auto focus": "Yes", 
            "Batteries": "Lithium-Ion rechargeable battery & charger", 
            "Brand": "Panasonic", 
            "Built-in flash": "Yes", 
            "Crop factor": "5.69", 
            "Digital zoom": "Yes", 
            "Dimensions": "103x64x27 mm", 
            "Exposure Compensation": "-2EV - +2EV with 1/3EV steps", 
            "External flash": "No", 
            "Flash modes": "Anti red-eye, Auto, Fill in, Off, Slow flash", 
            "Focal length (35mm equiv.)": "28 - 128 mm", 
            "ISO": "Auto, Hi Auto, (1600-6400), 100, 200, 400, 800, 1600", 
            "LCD display": "Yes", 
            "LCD resolution": "230,000", 
            "LCD size": "2.7\"", 
            "Macro focus range": "5 cm", 
            "Manual focus": "No", 
            "Max. resolution": "4000 x 3000", 
            "Max. shutter speed": "1/1300 sec", 
            "Megapixels": "12.10", 
            "Metering": "Multi-segment", 
            "Min. resolution": "1504 x 1504", 
            "Min. shutter speed": "60 sec", 
            "Model": "Lumix DMC-TS4", 
            "Normal focus range": "30 cm", 
            "Optical zoom": "4.6x", 
            "Selftimer": "Yes", 
            "Sensor resolution": "4011 x 3016", 
            "Sensor size": "1/2.33\" (~ 6.08 x 4.56 mm)", 
            "Sensor type": "CCD", 
            "Shutter priority": "No", 
            "Storage types": "SDHC, SDXC, Secure Digital", 
            "USB": "USB 2.0 (480 Mbit/sec)", 
            "Viewfinder": "Electronic", 
            "Weight": "197g", 
            "White balance presets": "4", 
            "Year": "2012"
        }, 
        "url": "http://www.digicamdb.com/specs/panasonic_lumix-dmc-ts4/"
    }, 
    {
        "id": "C45", 
        "img": "images/cameras/rollei_sportsline_60.png", 
        "specs": {
            "Aperture": "f2.8", 
            "Aperture (35mm equiv.)": "f15.7", 
            "Aperture priority": "No", 
            "Auto focus": "No", 
            "Batteries": "2x AAA", 
            "Brand": "Rollei", 
            "Built-in flash": "Yes", 
            "Crop factor": "5.62", 
            "Digital zoom": "Yes", 
            "Dimensions": "90.3x63x25.3 mm", 
            "Exposure Compensation": "-2EV - +2EV with 1/3EV steps", 
            "External flash": "No", 
            "Flash modes": "Anti red-eye, Auto, Fill in, Off", 
            "Focal length (35mm equiv.)": "other mm", 
            "ISO": "auto", 
            "LCD display": "Yes", 
            "LCD resolution": "230,400", 
            "LCD size": "2.4\"", 
            "Macro focus range": "n/a", 
            "Manual focus": "No", 
            "Max. resolution": "2592 x 1944", 
            "Max. shutter speed": "n/a", 
            "Megapixels": "5.00", 
            "Metering": "Centre weighted", 
            "Min. resolution": "640 x 480", 
            "Min. shutter speed": "n/a", 
            "Model": "Sportsline 60 Camouflage", 
            "Normal focus range": "80 cm", 
            "Optical zoom": "No", 
            "Selftimer": "Yes", 
            "Sensor resolution": "2579 x 1939", 
            "Sensor size": "1/2.3\" (~ 6.16 x 4.62 mm)", 
            "Sensor type": "CMOS", 
            "Shutter priority": "No", 
            "Storage types": "microSD, microSDHC", 
            "USB": "USB 2.0 Hi-Speed", 
            "Viewfinder": "None", 
            "Weight": "98g", 
            "White balance presets": "5", 
            "Year": "2011"
        }, 
        "url": "http://www.digicamdb.com/specs/rollei_sportsline-60-camouflage/"
    }, 
    {
        "id": "C46", 
        "img": "images/cameras/samsung_wb250f.png", 
        "specs": {
            "Aperture": "f3.2 - f5.8", 
            "Aperture (35mm equiv.)": "f18 - f32.6", 
            "Aperture priority": "No", 
            "Auto focus": "Yes", 
            "Batteries": "Lithium-Ion rechargeable battery & charger", 
            "Brand": "Samsung", 
            "Built-in flash": "Yes", 
            "Crop factor": "5.62", 
            "Digital zoom": "Yes", 
            "Dimensions": "107 x 62 x 22 mm", 
            "Exposure Compensation": "\u00b12 EV (at 1/3 EV steps)", 
            "External flash": "No", 
            "Flash modes": "Auto, Red-eye, Fill-in, Slow sync, Off", 
            "Focal length (35mm equiv.)": "24 - 432 mm", 
            "ISO": "Auto, 100, 200, 400, 800, 1600, 3200", 
            "LCD display": "Yes", 
            "LCD resolution": "460,000", 
            "LCD size": "3\"", 
            "Macro focus range": "5 cm", 
            "Manual focus": "No", 
            "Max. resolution": "4320 x 3240", 
            "Max. shutter speed": "1/2000 sec", 
            "Megapixels": "14.20", 
            "Metering": "Multi, Center-weighted, Spot", 
            "Min. resolution": "1024 x 768", 
            "Min. shutter speed": "16 sec", 
            "Model": "WB250F", 
            "Normal focus range": "80 cm", 
            "Optical zoom": "18x", 
            "Selftimer": "Yes", 
            "Sensor resolution": "4346 x 3268", 
            "Sensor size": "1/2.3\" (~ 6.16 x 4.62 mm)", 
            "Sensor type": "BSI CMOS", 
            "Shutter priority": "No", 
            "Storage types": "SD/SDHC/SDXC", 
            "USB": "USB 2.0 (480 Mbit/sec)", 
            "Viewfinder": "None", 
            "Weight": "226 g", 
            "White balance presets": "5", 
            "Year": "2013"
        }, 
        "url": "http://www.digicamdb.com/specs/samsung_wb250f/"
    }, 
    {
        "id": "C47", 
        "img": "images/cameras/sony_cybershot_dsc_wx150.png", 
        "specs": {
            "Aperture": "f3.3 - f5.9", 
            "Aperture (35mm equiv.)": "f18.5 - f33.2", 
            "Aperture priority": "No", 
            "Auto focus": "Yes", 
            "Batteries": "Lithium-Ion NP-BN battery and charger", 
            "Brand": "Sony", 
            "Built-in flash": "Yes", 
            "Crop factor": "5.62", 
            "Digital zoom": "Yes", 
            "Dimensions": "95x56x22 mm", 
            "Exposure Compensation": "&#177;2 EV (at 1/3 EV steps)", 
            "External flash": "No", 
            "Flash modes": "Auto, On, Off, Slow Sync", 
            "Focal length (35mm equiv.)": "25 - 250 mm", 
            "ISO": "Auto, 100, 200, 400, 800, 1600, 3200, 6400, 12800", 
            "LCD display": "Yes", 
            "LCD resolution": "460,800", 
            "LCD size": "3\"", 
            "Macro focus range": "5 cm", 
            "Manual focus": "No", 
            "Max. resolution": "4896 x 3672", 
            "Max. shutter speed": "1/1600 sec", 
            "Megapixels": "18.20", 
            "Metering": "Multi, Center-weighted, Spot", 
            "Min. resolution": "640 x480", 
            "Min. shutter speed": "30 sec", 
            "Model": "Cybershot DSC WX150", 
            "Normal focus range": "n/a", 
            "Optical zoom": "10x", 
            "Selftimer": "Yes", 
            "Sensor resolution": "4920 x 3699", 
            "Sensor size": "1/2.3\" (~ 6.16 x 4.62 mm)", 
            "Sensor type": "BSI CMOS", 
            "Shutter priority": "No", 
            "Storage types": "SD/SDHC/SDXC, Memory Stick Duo/Pro Duo/Pro-HG Duo", 
            "USB": "USB 2.0 (480 Mbit/sec)", 
            "Viewfinder": "None", 
            "Weight": "133g", 
            "White balance presets": "7", 
            "Year": "2012"
        }, 
        "url": "http://www.digicamdb.com/specs/sony_cybershot-dsc-wx150/"
    }, 
    {
        "id": "C48", 
        "img": "images/cameras/sony_cybershot_dsc_tx20.png", 
        "specs": {
            "Aperture": "f3.5 - f4.6", 
            "Aperture (35mm equiv.)": "f19.7 - f25.9", 
            "Aperture priority": "No", 
            "Auto focus": "Yes", 
            "Batteries": "Lithium-Ion NP-BN battery and charger", 
            "Brand": "Sony", 
            "Built-in flash": "Yes", 
            "Crop factor": "5.62", 
            "Digital zoom": "Yes", 
            "Dimensions": "96x56x18 mm", 
            "Exposure Compensation": "-2EV - +2EV with 1/3EV steps", 
            "External flash": "No", 
            "Flash modes": "Anti red-eye, Auto, Fill in, Off, Slow flash", 
            "Focal length (35mm equiv.)": "25 - 100 mm", 
            "ISO": "auto", 
            "LCD display": "Yes", 
            "LCD resolution": "921,000", 
            "LCD size": "3\"", 
            "Macro focus range": "1 cm", 
            "Manual focus": "Yes", 
            "Max. resolution": "4608 x 3456", 
            "Max. shutter speed": "1/1600 sec", 
            "Megapixels": "16.10", 
            "Metering": "Multi, Center-weighted, Spot", 
            "Min. resolution": "640 x 480", 
            "Min. shutter speed": "4 sec", 
            "Model": "Cybershot DSC TX20", 
            "Normal focus range": "n/a", 
            "Optical zoom": "4x", 
            "Selftimer": "Yes", 
            "Sensor resolution": "4627 x 3479", 
            "Sensor size": "1/2.3\" (~ 6.16 x 4.62 mm)", 
            "Sensor type": "Exmor R CMOS", 
            "Shutter priority": "No", 
            "Storage types": "SD/SDHC/SDXC/Memory Stick Duo/Memory Stick Pro Duo, Memory Stick", 
            "USB": "USB 2.0 (480 Mbit/sec)", 
            "Viewfinder": "None", 
            "Weight": "133g", 
            "White balance presets": "7", 
            "Year": "2012"
        }, 
        "url": "http://www.digicamdb.com/specs/sony_cybershot-dsc-tx20/"
    }, 
    {
        "id": "C49", 
        "img": "images/cameras/sony_cybershot_dsc_w290.png", 
        "specs": {
            "Aperture": "f3.3 - f5.2", 
            "Aperture (35mm equiv.)": "f18.5 - f29.2", 
            "Aperture priority": "No", 
            "Auto focus": "Yes", 
            "Batteries": "Lithium-Ion Battery & Charger", 
            "Brand": "Sony", 
            "Built-in flash": "Yes", 
            "Crop factor": "5.62", 
            "Digital zoom": "Yes", 
            "Dimensions": "98x57x23 mm", 
            "Exposure Compensation": "-2EV - +2EV with 1/3EV steps", 
            "External flash": "No", 
            "Flash modes": "Anti red-eye, Auto, Fill in, Off, Slow flash", 
            "Focal length (35mm equiv.)": "28 - 140 mm", 
            "ISO": "Auto", 
            "LCD display": "Yes", 
            "LCD resolution": "230,400", 
            "LCD size": "3\"", 
            "Macro focus range": "10 cm", 
            "Manual focus": "Yes", 
            "Max. resolution": "4000 x 3000", 
            "Max. shutter speed": "1/1600 sec", 
            "Megapixels": "12.10", 
            "Metering": "Centre weighted, Multi-segment, Spot", 
            "Min. resolution": "640 x 480", 
            "Min. shutter speed": "2 sec", 
            "Model": "Cybershot DSC W290", 
            "Normal focus range": "50 cm", 
            "Optical zoom": "5x", 
            "Selftimer": "Yes", 
            "Sensor resolution": "4011 x 3016", 
            "Sensor size": "1/2.3\" (~ 6.16 x 4.62 mm)", 
            "Sensor type": "CCD", 
            "Shutter priority": "No", 
            "Storage types": "Memory Stick Duo, Memory Stick Pro Duo", 
            "USB": "USB 2.0 (480 Mbit/sec)", 
            "Viewfinder": "None", 
            "Weight": "145g", 
            "White balance presets": "6", 
            "Year": "2009"
        }, 
        "url": "http://www.digicamdb.com/specs/sony_cybershot-dsc-w290/"
    }, 
    {
        "id": "C50", 
        "img":"images/cameras/sony_bloggie-touch-mhs-ts10.jpg",
        "specs": {
            "Aperture": "n/a", 
            "Aperture (35mm equiv.)": "n/a", 
            "Aperture priority": "n/a", 
            "Auto focus": "n/a", 
            "Batteries": "n/a", 
            "Brand": "Sony", 
            "Built-in flash": "n/a", 
            "Crop factor": "n/a", 
            "Digital zoom": "n/a", 
            "Dimensions": "51.0 x 107.0 x 15.0 mm", 
            "Exposure Compensation": "n/a", 
            "External flash": "n/a", 
            "Flash modes": "n/a", 
            "Focal length (35mm equiv.)": "n/a", 
            "ISO": "ISO auto (80-1600)", 
            "LCD display": "n/a", 
            "LCD resolution": "n/a", 
            "LCD size": "n/a", 
            "Macro focus range": "n/a", 
            "Manual focus": "n/a", 
            "Max. resolution": "n/a", 
            "Max. shutter speed": "1/4000 sec", 
            "Megapixels": "n/a", 
            "Metering": "center-weighted", 
            "Min. resolution": "n/a", 
            "Min. shutter speed": "1/30 sec", 
            "Model": "Bloggie Touch MHS-TS10 (Silver)", 
            "Normal focus range": "n/a", 
            "Optical zoom": "n/a", 
            "Selftimer": "n/a", 
            "Sensor resolution": "n/a", 
            "Sensor size": "1/2.5\"", 
            "Sensor type": "n/a", 
            "Shutter priority": "n/a", 
            "Storage types": "n/a", 
            "USB": "n/a", 
            "Viewfinder": "n/a", 
            "Weight": "125.0 g", 
            "White balance presets": "n/a", 
            "Year": "n/a"
        }, 
        "url": "http://www.cnet.com/products/sony-bloggie-touch-mhs-ts/specs/"
    }
]